State,Year,County,Party,Personal income (thousands of dollars) 2007,Personal income (thousands of dollars) 2006,Personal income (thousands of dollars) 2005, Net earnings by place of residence 2007, Net earnings by place of residence 2006, Net earnings by place of residence 2005, Personal current transfer receipts 2007, Personal current transfer receipts 2006, Personal current transfer receipts 2005,  Income maintenance benefits 1/2007,  Income maintenance benefits 1/2006,  Income maintenance benefits 1/2005,  Unemployment insurance compensation 2007,  Unemployment insurance compensation 2006,  Unemployment insurance compensation 2005,  Retirement and other 2007,  Retirement and other 2006,  Retirement and other 2005," Dividends, interest, and rent 2/2007"," Dividends, interest, and rent 2/2006"," Dividends, interest, and rent 2/2005", Population (persons) 3/2007, Population (persons) 3/2006, Population (persons) 3/2005, Per capita personal income 4/2007, Per capita personal income 4/2006, Per capita personal income 4/2005, Per capita net earnings 4/2007, Per capita net earnings 4/2006, Per capita net earnings 4/2005, Per capita personal current transfer receipts 4/2007, Per capita personal current transfer receipts 4/2006, Per capita personal current transfer receipts 4/2005,  Per capita income maintenance benefits 4/2007,  Per capita income maintenance benefits 4/2006,  Per capita income maintenance benefits 4/2005,  Per capita unemployment insurance compensation 4/2007,  Per capita unemployment insurance compensation 4/2006,  Per capita unemployment insurance compensation 4/2005,  Per capita retirement and other 4/2007,  Per capita retirement and other 4/2006,  Per capita retirement and other 4/2005," Per capita dividends, interest, and rent 4/2007"," Per capita dividends, interest, and rent 4/2006"," Per capita dividends, interest, and rent 4/2005", Earnings by place of work 2007, Earnings by place of work 2006, Earnings by place of work 2005,  Wages and salaries 2007,  Wages and salaries 2006,  Wages and salaries 2005,  Supplements to wages and salaries 2007,  Supplements to wages and salaries 2006,  Supplements to wages and salaries 2005,   Employer contributions for employee pension and insurance funds 5/2007,   Employer contributions for employee pension and insurance funds 5/2006,   Employer contributions for employee pension and insurance funds 5/2005,   Employer contributions for government social insurance 2007,   Employer contributions for government social insurance 2006,   Employer contributions for government social insurance 2005,  Proprietors' income 2007,  Proprietors' income 2006,  Proprietors' income 2005,   Farm proprietors' income 2007,   Farm proprietors' income 2006,   Farm proprietors' income 2005,   Nonfarm proprietors' income 2007,   Nonfarm proprietors' income 2006,   Nonfarm proprietors' income 2005
Alabama,2008,Autauga,R,1659407,1536855,1440795,1120437,1050993,991256,273191,250557,225497,30041,27279,26934,2264,2116,2259,240886,221162,196304,265779,235305,224042,52405,51328,49676,31665,29942,29004,21380,20476,19954,5213,4881,4539,573,531,542,43,41,45,4597,4309,3952,5072,4584,4510,552468,536567,519037,382106,359938,346817,91171,86662,87759,63638,60686,62087,27533,25976,25672,79191,89967,84461,11014,16811,16626,68177,73156,67835
Alabama,2008,Baldwin,R,6243633,5880129,5272521,3707098,3548219,3215114,1007781,928616,848385,67102,58233,60698,7092,6570,7448,933587,863813,780239,1528754,1403294,1209022,172404,168121,162183,36215,34976,32510,21502,21105,19824,5845,5523,5231,389,346,374,41,39,46,5415,5138,4811,8867,8347,7455,3012294,2905199,2585102,2067297,1914894,1709214,457522,426902,408259,306154,286107,279010,151368,140795,129249,487475,563403,467629,-1602,3019,-3613,489077,560384,471242
Alabama,2008,Barbour,R,707097,686697,665248,403510,409615,407360,183389,172706,156982,28251,25516,25518,1820,1589,1546,153318,145601,129918,120198,104376,100906,27757,27861,28027,25475,24647,23736,14537,14702,14535,6607,6199,5601,1018,916,910,66,57,55,5524,5226,4635,4330,3746,3600,467547,477501,471559,329433,323406,310922,88933,87366,87263,63682,62417,63511,25251,24949,23752,49181,66729,73374,13557,23371,35786,35624,43358,37588
Alabama,2008,Bibb,R,539717,500645,468895,346968,330017,308127,136071,122439,111056,15750,13640,13974,997,958,975,119324,107841,96107,56678,48189,49712,22438,22099,22042,24054,22655,21273,15463,14934,13979,6064,5540,5038,702,617,634,44,43,44,5318,4880,4360,2526,2181,2255,204256,189802,180185,145332,132618,125489,37812,34481,34513,27115,24637,24764,10697,9844,9749,21112,22703,20183,2654,3001,3211,18458,19702,16972
Alabama,2008,Blount,R,1494638,1379493,1340387,1003920,940987,921098,306228,282648,260864,27263,23380,22715,2390,2230,2347,276575,257038,235802,184490,155858,158425,56240,55485,54624,26576,24862,24538,17851,16959,16863,5445,5094,4776,485,421,416,42,40,43,4918,4633,4317,3280,2809,2900,466898,452388,446655,294126,277303,258846,73268,69908,68497,51500,49359,49044,21768,20549,19453,99504,105177,119312,9785,7844,33329,89719,97333,85983
Alabama,2008,Bullock,D,230398,216678,201420,122390,119228,110389,73652,67547,63207,13100,11325,11394,964,859,882,59588,55363,50931,34356,29903,27824,11011,10776,11011,20924,20107,18293,11115,11064,10025,6689,6268,5740,1190,1051,1035,88,80,80,5412,5138,4625,3120,2775,2527,129077,130762,125922,89139,83615,82228,24994,23990,24247,18077,17543,17970,6917,6447,6277,14944,23157,19447,2760,10306,9541,12184,12851,9906
Alabama,2008,Butler,R,563567,521551,507419,317786,298564,296507,163262,152780,143873,21730,19279,18523,1579,1379,1477,139953,132122,123873,82519,70207,67039,20894,20815,20830,26973,25056,24360,15209,14344,14235,7814,7340,6907,1040,926,889,76,66,71,6698,6347,5947,3949,3373,3218,298496,278328,276713,202548,200070,185407,52525,51872,50304,37534,36924,35957,14991,14948,14347,43423,26386,41002,14538,-4056,12135,28885,30442,28867
Alabama,2008,Calhoun,R,3490891,3290907,3143140,2034941,1933502,1865375,792882,745367,699108,81625,70056,68810,6135,5812,6138,705122,669499,624160,663068,612038,578657,116211,115388,114477,30039,28520,27457,17511,16757,16295,6823,6460,6107,702,607,601,53,50,54,6068,5802,5452,5706,5304,5055,2552405,2375675,2266940,1889501,1736839,1644636,499895,467539,455807,361936,340136,333248,137959,127403,122559,163009,171297,166497,2135,3123,12293,160874,168174,154204
Alabama,2008,Chambers,R,924705,890986,853196,545139,546107,532888,256631,236087,217385,32116,28478,27317,3247,2610,2621,221268,204999,187447,122935,108792,102923,34847,34945,35279,26536,25497,24184,15644,15628,15105,7365,6756,6162,922,815,774,93,75,74,6350,5866,5313,3528,3113,2917,420936,436878,451297,316156,322718,331351,77149,77664,83667,53647,53552,57388,23502,24112,26279,27631,36496,36279,1781,3853,4110,25850,32643,32169
Alabama,2008,Cherokee,R,672032,613294,578906,394663,370922,357319,176226,159757,143364,17304,15523,14060,1385,1294,1287,157537,142940,128017,101143,82615,78223,25553,25466,25031,26300,24083,23128,15445,14565,14275,6896,6273,5727,677,610,562,54,51,51,6165,5613,5114,3958,3244,3125,238325,222511,219304,162227,147390,145127,43689,40214,40653,31476,29157,29753,12213,11057,10900,32409,34907,33524,2200,4120,6451,30209,30787,27073
Alabama,2008,Chilton,R,1168029,1097419,1025466,764094,740468,702510,257244,235322,212978,28214,23410,22468,2214,2012,2144,226816,209900,188366,146691,121629,109978,42881,42318,41946,27239,25933,24447,17819,17498,16748,5999,5561,5077,658,553,536,52,48,51,5289,4960,4491,3421,2874,2622,442220,431464,403456,293652,279026,257031,73606,70287,68415,52149,49924,49317,21457,20363,19098,74962,82151,78010,3453,6990,7904,71509,75161,70106
Alabama,2008,Choctaw,R,338875,332713,319762,175341,179685,174563,114672,111817,102487,14360,12436,13022,877,784,860,99435,98597,88605,48862,41211,42712,14216,14431,14545,23838,23055,21984,12334,12451,12002,8066,7748,7046,1010,862,895,62,54,59,6995,6832,6092,3437,2856,2937,239334,247389,232936,180566,188549,178337,40099,41161,40847,27963,28718,28929,12136,12443,11918,18669,17679,13752,2829,-93,-111,15840,17772,13863
Alabama,2008,Clarke,R,696677,664982,635462,390258,380174,367951,191580,181965,172245,28028,26267,27430,1777,1664,1600,161775,154034,143215,114839,102843,95266,26436,26755,26764,26353,24854,23743,14762,14209,13748,7247,6801,6436,1060,982,1025,67,62,60,6119,5757,5351,4344,3844,3559,435439,415608,400430,310144,293444,282214,78074,74417,74354,55541,53034,53531,22533,21383,20823,47221,47747,43862,7649,7298,8084,39572,40449,35778
Alabama,2008,Clay,R,388103,382386,363221,227106,240526,229661,105094,95972,90244,9459,8317,7962,945,721,718,94690,86934,81564,55903,45888,43316,14085,14053,14077,27554,27210,25802,16124,17116,16315,7461,6829,6411,672,592,566,67,51,51,6723,6186,5794,3969,3265,3077,192189,213390,204829,139195,142582,128998,36454,36181,34957,25786,25216,24936,10668,10965,10021,16540,34627,40874,3843,17957,25230,12697,16670,15644
Alabama,2008,Cleburne,R,380631,358512,350893,238408,233376,235132,93504,85639,79459,8522,7167,6977,675,614,660,84307,77858,71822,48719,39497,36302,14799,14538,14368,25720,24660,24422,16110,16053,16365,6318,5891,5530,576,493,486,46,42,46,5697,5355,4999,3292,2717,2527,143111,147594,162265,89009,87083,87459,23033,22874,23995,16559,16400,17445,6474,6474,6550,31069,37637,50811,10879,14989,27155,20190,22648,23656
Alabama,2008,Coffee,R,1540900,1409127,1357952,914039,846676,838613,301761,278745,251637,27000,22763,23225,2286,2049,1992,272475,253933,226420,325100,283706,267702,47458,46228,45604,32469,30482,29777,19260,18315,18389,6358,6030,5518,569,492,509,48,44,44,5741,5493,4965,6850,6137,5870,661023,628230,628178,452860,431331,405794,113982,110665,108160,80336,78633,77665,33646,32032,30495,94181,86234,114224,23503,12811,51854,70678,73423,62370
Alabama,2008,Colbert,R,1608063,1526000,1444778,953196,936791,887167,409513,382510,357490,34956,30695,30354,5448,4223,4909,369109,347592,322227,245354,206699,200121,54486,54413,54359,29513,28045,26578,17494,17216,16321,7516,7030,6576,642,564,558,100,78,90,6774,6388,5928,4503,3799,3681,1199693,1190141,1122136,858724,838680,777405,215396,210512,207959,150809,147112,147836,64587,63400,60123,125573,140949,136772,3818,2671,15432,121755,138278,121340
Alabama,2008,Conecuh,R,321495,312375,307114,164159,167915,169216,112540,103578,99808,15648,14376,14673,897,758,805,95995,88444,84330,44796,40882,38090,13441,13603,13421,23919,22964,22883,12213,12344,12608,8373,7614,7437,1164,1057,1093,67,56,60,7142,6502,6283,3333,3005,2838,184914,191073,187696,128604,135415,132788,34625,35642,35806,24922,25404,25723,9703,10238,10083,21685,20016,19102,5585,6116,6004,16100,13900,13098
Alabama,2008,Coosa,R,292090,288091,272081,171732,178015,169731,79770,76092,70959,9209,8359,7943,763,700,612,69798,67033,62404,40588,33984,31391,11439,11451,11467,25535,25159,23727,15013,15546,14802,6974,6645,6188,805,730,693,67,61,53,6102,5854,5442,3548,2968,2738,87296,94545,86898,57356,62351,57220,15754,16674,15978,11231,11761,11418,4523,4913,4560,14186,15520,13700,3825,3674,3000,10361,11846,10700
Alabama,2008,Covington,R,1000050,945797,917467,555901,546730,530474,290550,271722,254126,26462,24893,23717,2148,1905,2118,261940,244924,228291,153599,127345,132867,37631,37441,37204,26575,25261,24660,14772,14602,14259,7721,7257,6831,703,665,637,57,51,57,6961,6542,6136,4082,3401,3571,589755,582078,564271,413000,397180,377725,105495,101885,98778,74829,72274,70835,30666,29611,27943,71260,83013,87768,15550,21451,32727,55710,61562,55041
Alabama,2008,Crenshaw,R,373133,367154,371135,222495,232602,241160,101318,94158,89561,11778,10473,10304,794,693,758,88746,82992,78499,49320,40394,40414,13956,13880,13699,26736,26452,27092,15943,16758,17604,7260,6784,6538,844,755,752,57,50,55,6359,5979,5730,3534,2910,2950,192052,202197,204214,112604,107841,91806,30272,29607,26358,22127,21758,19389,8145,7849,6969,49176,64749,86050,28434,45420,69108,20742,19329,16942
Alabama,2008,Cullman,R,2338428,2225995,2190108,1448130,1435893,1450599,527686,496569,456516,43472,38410,37162,3747,3539,3860,480467,454620,415494,362612,293533,282993,79576,79044,78692,29386,28161,27831,18198,18166,18434,6631,6282,5801,546,486,472,47,45,49,6038,5751,5280,4557,3714,3596,1324715,1329445,1349394,933000,892881,839491,222255,215915,212629,153672,150239,149536,68583,65676,63093,169460,220649,297274,24736,68867,151909,144724,151782,145365
Alabama,2008,Dale,R,1554745,1509370,1406701,969301,974915,906323,308162,283644,264148,36981,32567,32168,2243,2481,2222,268938,248596,229758,277282,250811,236230,49488,49077,49050,31417,30755,28679,19587,19865,18478,6227,5780,5385,747,664,656,45,51,45,5434,5065,4684,5603,5111,4816,1623720,1554951,1421731,1086688,1004975,937047,343869,317691,303067,255519,236314,227544,88350,81377,75523,193163,232285,181617,11367,10592,27011,181796,221693,154606
Alabama,2008,Dallas,D,1160392,1141173,1072755,611448,614066,577716,369891,352014,323144,73083,65618,61896,3658,3427,3412,293150,282969,257836,179053,175093,171895,44194,44323,44434,26257,25747,24143,13836,13854,13002,8370,7942,7272,1654,1480,1393,83,77,77,6633,6384,5803,4052,3950,3869,721839,727670,690429,511932,510071,491577,129556,130159,130134,90677,91611,92262,38879,38548,37872,80351,87440,68718,10089,20502,21624,70262,66938,47094
Alabama,2008,DeKalb,R,1760552,1631870,1607487,1076916,1029250,1043650,439287,398713,368250,45888,38931,37872,3679,3381,3890,389720,356401,326488,244349,203907,195587,69450,68495,67794,25350,23825,23711,15506,15027,15394,6325,5821,5432,661,568,559,53,49,57,5612,5203,4816,3518,2977,2885,1039313,1001477,1016673,740892,726499,687833,183639,178926,175266,126933,122469,121576,56706,56457,53690,114782,96052,153574,33445,8822,70693,81337,87230,82881
Alabama,2008,Elmore,R,2450334,2290957,2113980,1631378,1567175,1443491,432305,385085,351880,44916,40762,38101,3349,3130,3188,384040,341193,310591,386651,338697,318609,77124,75246,72978,31771,30446,28967,21153,20827,19780,5605,5118,4822,582,542,522,43,42,44,4980,4534,4256,5013,4501,4366,847171,817216,758251,576258,535682,496964,144502,134445,129089,101211,94219,91146,43291,40226,37943,126411,147089,132198,327,3678,5349,126084,143411,126849
Alabama,2008,Escambia,R,927497,889777,854634,504672,492441,484265,258128,236200,218936,30511,25774,27855,2153,1889,2014,225464,208537,189067,164697,161136,151433,37839,37673,37601,24512,23618,22729,13337,13071,12879,6822,6270,5823,806,684,741,57,50,54,5959,5535,5028,4353,4277,4027,586511,567711,558160,429343,407216,393416,108734,105048,106659,77738,75541,77658,30996,29507,29001,48434,55447,58085,5377,12878,16915,43057,42569,41170
Alabama,2008,Etowah,R,2940430,2764680,2675577,1722958,1666329,1627894,775615,719429,671239,71192,62611,60390,5731,5178,5554,698692,651640,605295,441857,378922,376444,103893,103528,103174,28302,26705,25933,16584,16095,15778,7466,6949,6506,685,605,585,55,50,54,6725,6294,5867,4253,3660,3649,1679101,1633851,1601262,1206023,1171061,1139129,282820,281058,284169,193951,193598,197367,88869,87460,86802,190258,181732,177964,1811,-5479,11086,188447,187211,166878
Alabama,2008,Fayette,R,426177,404574,395896,231759,231942,228942,134684,122314,114366,13110,11242,11884,974,853,867,120600,110219,101615,59734,50318,52588,17523,17767,18030,24321,22771,21958,13226,13055,12698,7686,6884,6343,748,633,659,56,48,48,6882,6204,5636,3409,2832,2917,196244,195681,194138,141201,141031,135138,41636,41611,41699,31175,31033,31277,10461,10578,10422,13407,13039,17301,689,-829,3033,12718,13868,14268
Alabama,2008,Franklin,R,829188,775689,767515,494379,481997,490994,218583,203594,186938,21994,19152,18080,2231,1926,2128,194358,182516,166730,116226,90098,89583,31004,31134,30968,26745,24915,24784,15946,15481,15855,7050,6539,6036,709,615,584,72,62,69,6269,5862,5384,3749,2894,2893,467067,457581,469853,322555,310088,292809,88413,86122,84740,63910,62192,62022,24503,23930,22718,56099,61371,92304,9777,11746,46042,46322,49625,46262
Alabama,2008,Geneva,R,700100,658773,654252,410860,399972,405632,192971,178936,167406,19113,16920,16668,1108,1142,1115,172750,160874,149623,96269,79865,81214,26322,26271,25988,26598,25076,25175,15609,15225,15608,7331,6811,6442,726,644,641,42,43,43,6563,6124,5757,3657,3040,3125,271549,262812,263564,170192,161387,148176,47290,45193,44342,34622,33332,33214,12668,11861,11128,54067,56232,71046,27046,25687,42875,27021,30545,28171
Alabama,2008,Greene,D,244792,237395,227431,123732,126795,124370,75465,69781,66536,14920,12967,13622,580,492,568,59965,56322,52346,45595,40819,36525,9385,9361,9675,26083,25360,23507,13184,13545,12855,8041,7454,6877,1590,1385,1408,62,53,59,6389,6017,5410,4858,4361,3775,111539,112680,108229,72992,69445,65498,22173,22639,21509,16859,17629,16645,5314,5010,4864,16374,20596,21222,10464,13962,15147,5910,6634,6075
Alabama,2008,Hale,D,431296,418097,388647,257293,261720,239294,118308,108523,103354,20570,17610,17191,1050,979,943,96688,89934,85220,55695,47854,45999,16418,16427,16622,26270,25452,23381,15671,15932,14396,7206,6606,6218,1253,1072,1034,64,60,57,5889,5475,5127,3392,2913,2767,168993,179505,168752,110544,108503,102869,29464,28739,29021,21010,20672,21350,8454,8067,7671,28985,42263,36862,16701,28232,23487,12284,14031,13375
Alabama,2008,Henry,R,488244,452053,437619,297700,281273,280602,117498,109502,99830,13474,11531,11847,1136,786,803,102888,97185,87180,73046,61278,57187,17108,16953,16752,28539,26665,26123,17401,16591,16750,6868,6459,5959,788,680,707,66,46,48,6014,5733,5204,4270,3615,3414,211705,225858,219765,142996,155381,144396,35489,37746,36550,24646,26000,25319,10843,11746,11231,33220,32731,38819,3645,7178,16347,29575,25553,22472
Alabama,2008,Houston,R,3383252,3190277,2954106,2111941,2054261,1903198,614287,563707,515707,70708,62826,61958,4410,4168,4367,539169,496713,449382,657024,572309,535201,97727,95846,93903,34619,33285,31459,21611,21433,20268,6286,5881,5492,724,655,660,45,43,47,5517,5182,4786,6723,5971,5700,2453760,2381499,2265847,1808563,1729940,1648284,418635,407033,401581,288587,281410,280521,130048,125623,121060,226562,244526,215982,13950,14805,20070,212612,229721,195912
Alabama,2008,Jackson,R,1520239,1455061,1408185,921989,922094,909114,353073,323902,297261,33250,28633,27637,3670,3310,3536,316153,291959,266088,245177,209065,201810,53333,53483,53332,28505,27206,26404,17287,17241,17046,6620,6056,5574,623,535,518,69,62,66,5928,5459,4989,4597,3909,3784,827167,833854,808617,577808,567303,534122,150795,146388,144872,106129,102275,102843,44666,44113,42029,98564,120163,129623,13690,30627,51140,84874,89536,78483
Alabama,2008,Jefferson,D,26924042,26215272,24666762,16965599,16529436,15745256,4011931,3784677,3537900,473293,416551,402901,35972,34262,36317,3502666,3333864,3098682,5946512,5901159,5383606,655163,655893,654919,41095,39969,37664,25895,25201,24042,6124,5770,5402,722,635,615,55,52,55,5346,5083,4731,9076,8997,8220,23851878,23300216,22325609,17636566,17013169,16343089,3707504,3660237,3620047,2471496,2452956,2439326,1236008,1207281,1180721,2507808,2626810,2362473,-5409,-4365,-1068,2513217,2631175,2363541
Alabama,2008,Lamar,R,364548,342476,336204,192753,193913,195323,118845,106950,99635,10786,9386,8909,1023,815,854,107036,96749,89872,52950,41613,41246,14901,14816,15009,24465,23115,22400,12936,13088,13014,7976,7219,6638,724,634,594,69,55,57,7183,6530,5988,3553,2809,2748,171309,176244,182728,124129,125487,127436,31749,32177,34097,22531,22845,24194,9218,9332,9903,15431,18580,21195,5307,5057,5536,10124,13523,15659
Alabama,2008,Lauderdale,R,2696252,2547300,2416986,1574975,1552595,1463463,585068,550420,507618,48926,41681,41522,6302,5246,6113,529840,503493,459983,536209,444285,445905,91107,90294,89358,29594,28211,27048,17287,17195,16378,6422,6096,5681,537,462,465,69,58,68,5816,5576,5148,5885,4920,4990,1395548,1364662,1289469,968323,909736,854440,236109,227674,223797,164657,159676,158275,71452,67998,65522,191116,227252,211232,21819,32403,29686,169297,194849,181546
Alabama,2008,Lawrence,R,913804,848530,827223,604428,572051,570020,214679,200839,183511,21436,19302,19252,2189,2176,2479,191054,179361,161780,94697,75640,73692,34293,34028,34435,26647,24936,24023,17625,16811,16554,6260,5902,5329,625,567,559,64,64,72,5571,5271,4698,2761,2223,2140,368617,335901,356652,250299,237616,230053,59292,56618,57221,41914,40178,40789,17378,16440,16432,59026,41667,69378,21256,677,30795,37770,40990,38583
Alabama,2008,Lee,R,3756329,3529062,3274536,2463943,2340065,2196677,549389,490889,448474,70442,57861,56510,6921,5858,6016,472026,427170,385948,742997,698108,629385,131934,129247,126133,28471,27305,25961,18676,18105,17416,4164,3798,3556,534,448,448,52,45,48,3578,3305,3060,5632,5401,4990,2319553,2214344,2063641,1702066,1612739,1490843,435894,414659,408475,312704,297645,297439,123190,117014,111036,181593,186946,164323,-1696,-38,-1006,183289,186984,165329
Alabama,2008,Limestone,R,2335716,2150896,1959684,1572174,1479863,1346767,397742,355754,324559,36630,31872,30668,3519,3458,3945,357593,320424,289946,365800,315279,288358,76063,73651,71303,30708,29204,27484,20669,20093,18888,5229,4830,4552,482,433,430,46,47,55,4701,4351,4066,4809,4281,4044,1360107,1417447,1300353,995184,1035310,943861,245244,245652,233901,170392,169420,163445,74852,76232,70456,119679,136485,122591,16161,36897,33352,103518,99588,89239
Alabama,2008,Lowndes,D,332440,308284,300574,211734,196327,190404,87552,82194,77158,19107,17505,17161,1015,955,986,67430,63734,59011,33154,29763,33012,11973,12124,12397,27766,25428,24246,17684,16193,15359,7312,6779,6224,1596,1444,1384,85,79,80,5632,5257,4760,2769,2455,2663,195446,177509,171584,123598,117272,107204,34494,31981,30756,24995,23078,22361,9499,8903,8395,37354,28256,33624,24301,13906,19822,13053,14350,13802
Alabama,2008,Macon,D,500754,484976,465513,273560,272865,263910,150731,141661,131534,28037,25195,25006,1368,1246,1308,121326,115220,105220,76463,70450,70069,21942,22227,22388,22822,21819,20793,12467,12276,11788,6870,6373,5875,1278,1134,1117,62,56,58,5529,5184,4700,3485,3170,3130,281207,280553,269610,198726,194922,185384,63331,62363,61929,48453,47909,48070,14878,14454,13859,19150,23268,22297,4340,6217,5927,14810,17051,16370
Alabama,2008,Madison,R,12387516,11541205,10710413,8318939,7833174,7331097,1508350,1376259,1248962,135159,116839,112191,15901,14675,15291,1357290,1244745,1121480,2560227,2331772,2130354,315859,309170,301474,39218,37330,35527,26338,25336,24318,4775,4451,4143,428,378,372,50,47,51,4297,4026,3720,8106,7542,7066,11500340,10758379,10011478,8911909,8296789,7685668,2015051,1903332,1827245,1368674,1298899,1258419,646377,604433,568826,573380,558258,498565,7776,7778,18908,565604,550480,479657
Alabama,2008,Marengo,D,618095,606007,576824,346767,355927,342417,170239,158817,145057,25322,22680,21970,1214,1043,1239,143703,135094,121848,101089,91263,89350,21475,21531,21569,28782,28146,26743,16147,16531,15875,7927,7376,6725,1179,1053,1019,57,48,57,6692,6274,5649,4707,4239,4143,362273,370696,357914,249647,249162,241829,63581,63868,63682,45516,45600,45809,18065,18268,17873,49045,57666,52403,12966,15229,14989,36079,42437,37414
Alabama,2008,Marion,R,767884,730150,718412,437779,436055,439246,213396,202764,188850,20014,17313,17393,1886,1527,1489,191496,183924,169968,116709,91331,90316,30849,30779,30494,24892,23722,23559,14191,14167,14404,6917,6588,6193,649,562,570,61,50,49,6208,5976,5574,3783,2967,2962,498445,504294,506986,346893,356762,344325,89130,91937,92833,62760,64080,65102,26370,27857,27731,62422,55595,69828,15059,6100,20004,47363,49495,49824
Alabama,2008,Marshall,R,2518875,2382749,2295876,1519961,1496185,1462790,564639,518276,480328,55499,47158,46025,4039,3814,4093,505101,467304,430210,434275,368288,352758,89605,88209,86516,28111,27013,26537,16963,16962,16908,6301,5876,5552,619,535,532,45,43,47,5637,5298,4973,4847,4175,4077,1589688,1558045,1532985,1122591,1080590,1039285,285744,277590,277815,200836,194945,198749,84908,82645,79066,181353,199865,215885,3538,6069,44066,177815,193796,171819
Alabama,2008,Mobile,R,12365587,11972019,10817448,7908562,7736436,6865787,2487909,2383796,2330697,352631,312412,358252,20752,19715,22101,2114526,2051669,1950344,1969116,1851787,1620964,405715,402916,398942,30479,29713,27115,19493,19201,17210,6132,5916,5842,869,775,898,51,49,55,5212,5092,4889,4853,4596,4063,9635158,9399979,8409807,7049578,6766522,6143542,1574003,1511954,1468704,1064891,1030615,1009611,509112,481339,459093,1011577,1121503,797561,7522,19626,6780,1004055,1101877,790781
Alabama,2008,Monroe,R,600908,580054,566994,356776,360898,360894,164794,148473,137461,22937,20306,20015,1613,1472,1461,140244,126695,115985,79338,70683,68639,23437,23602,23683,25639,24576,23941,15223,15291,15239,7031,6291,5804,979,860,845,69,62,62,5984,5368,4897,3385,2995,2898,420465,429704,436185,320730,321202,325189,75839,75680,78704,52766,51975,54141,23073,23705,24563,23896,32822,32292,1324,5611,9994,22572,27211,22298
Alabama,2008,Montgomery,D,8093430,7968201,7580035,4863896,4857504,4656631,1378906,1287227,1197971,225580,205065,198749,12258,11498,11975,1141068,1070664,987247,1850628,1823470,1725433,227888,227291,223608,35515,35057,33899,21343,21371,20825,6051,5663,5357,990,902,889,54,51,54,5007,4711,4415,8121,8023,7716,7719517,7553024,7144623,5851774,5652618,5286473,1434721,1396741,1368294,1009730,983525,975139,424991,413216,393155,433022,503665,489856,11194,49105,52656,421828,454560,437200
Alabama,2008,Morgan,R,3672321,3522414,3340029,2354198,2293285,2209559,691456,636515,581193,60216,52953,50476,5733,5951,6357,625507,577611,524360,626667,592614,549277,116397,115491,113964,31550,30499,29308,20226,19857,19388,5940,5511,5100,517,459,443,49,52,56,5374,5001,4601,5384,5131,4820,2524692,2431366,2360112,1886629,1795386,1720096,450020,432898,433518,312578,301679,305327,137442,131219,128191,188043,203082,206498,5618,10764,34265,182425,192318,172233
Alabama,2008,Perry,D,254113,246684,244746,121940,126754,126143,99626,92094,90003,21117,18906,18137,851,796,812,77658,72392,71054,32547,27836,28600,10774,10677,10881,23586,23104,22493,11318,11872,11593,9247,8625,8272,1960,1771,1667,79,75,75,7208,6780,6530,3021,2607,2628,116965,118032,115087,69983,64418,63264,19394,18342,18379,14041,13470,13556,5353,4872,4823,27588,35272,33444,9227,16946,19355,18361,18326,14089
Alabama,2008,Pickens,R,541469,509867,520778,308197,298718,312385,153190,145421,138087,19970,17476,18122,1129,1083,1074,132091,126862,118891,80082,65728,70306,19989,20128,20192,27088,25331,25791,15418,14841,15471,7664,7225,6839,999,868,897,56,54,53,6608,6303,5888,4006,3266,3482,195648,189701,215175,118947,117035,116086,31954,31597,32183,23056,22871,23386,8898,8726,8797,44747,41069,66906,15956,11338,36223,28791,29731,30683
Alabama,2008,Pike,R,926470,870933,838266,554633,536077,520282,218744,197690,186553,28860,25134,24544,1759,1575,1528,188125,170981,160481,153093,137166,131431,31761,31309,30772,29170,27817,27241,17463,17122,16908,6887,6314,6062,909,803,798,55,50,50,5923,5461,5215,4820,4381,4271,669935,630436,606834,462228,423842,399347,118744,108632,109173,84785,77168,78828,33959,31464,30345,88963,97962,98314,10428,24518,43965,78535,73444,54349
Alabama,2008,Randolph,R,600889,557713,536713,349633,335503,331107,161192,148971,136751,17698,15192,14976,1422,1401,1533,142072,132378,120242,90064,73239,68855,22662,22695,22658,26515,24574,23688,15428,14783,14613,7113,6564,6035,781,669,661,63,62,68,6269,5833,5307,3974,3227,3039,249401,246562,249721,164066,161516,154448,44213,42801,42383,31143,29627,29944,13070,13174,12439,41122,42245,52890,13215,10426,25791,27907,31819,27099
Alabama,2008,Russell,D,1308277,1270792,1218655,772123,786012,766113,340206,308932,288849,51924,44044,41423,3677,3249,3164,284605,261639,244262,195948,175848,163693,51074,50459,49731,25615,25185,24505,15118,15577,15405,6661,6122,5808,1017,873,833,72,64,64,5572,5185,4912,3837,3485,3292,580608,570228,553009,432816,414591,396460,105423,100521,100840,74111,70565,72139,31312,29956,28701,42369,55116,55709,721,8115,6859,41648,47001,48850
Alabama,2008,Shelby,R,8242093,7642393,7046598,6038583,5680871,5327120,727943,658703,582649,48729,40302,38598,7292,6950,7160,671922,611451,536891,1475567,1302819,1136829,183491,178841,171691,44918,42733,41042,32909,31765,31027,3967,3683,3394,266,225,225,40,39,42,3662,3419,3127,8042,7285,6621,4844645,4329121,3975276,3575666,3146978,2893238,722448,660770,622908,475631,442757,418632,246817,218013,204276,546531,521373,459130,1409,4991,4866,545122,516382,454264
Alabama,2008,St. Clair,R,2310687,2141218,1984414,1604583,1505133,1382087,419571,379042,351081,38483,33036,32108,3430,3240,3295,377658,342766,315678,286533,257043,251246,79348,75948,72596,29121,28193,27335,20222,19818,19038,5288,4991,4836,485,435,442,43,43,45,4760,4513,4348,3611,3384,3461,828549,784112,723101,564705,516805,467602,132917,125294,120641,91339,86973,85180,41578,38321,35461,130927,142013,134858,6306,7454,18473,124621,134559,116385
Alabama,2008,Sumter,D,325333,307719,291499,174374,165824,163244,109754,108220,92791,21839,19247,19278,882,851,874,87033,88122,72639,41205,33675,35464,13926,14059,14143,23362,21888,20611,12521,11795,11542,7881,7698,6561,1568,1369,1363,63,61,62,6250,6268,5136,2959,2395,2508,173628,165264,163604,122630,117477,114210,32864,31290,32311,23883,22658,23629,8981,8632,8682,18134,16497,17083,12754,11107,12014,5380,5390,5069
Alabama,2008,Talladega,R,2186809,2101146,2057713,1333521,1332557,1334028,557492,514053,482130,67613,60582,58298,5699,5322,4740,484180,448149,419092,295796,254536,241555,82226,81991,81546,26595,25627,25234,16218,16252,16359,6780,6270,5912,822,739,715,69,65,58,5888,5466,5139,3597,3104,2962,1544296,1530751,1517733,1179102,1155617,1133282,287418,282507,286311,203096,199547,204146,84322,82960,82165,77776,92627,98140,3079,16084,24979,74697,76543,73161
Alabama,2008,Tallapoosa,R,1238386,1186405,1100514,692996,678025,640402,313850,304492,269039,31794,28424,27355,2710,2432,2075,279346,273636,239609,231540,203888,191073,41414,41243,40857,29903,28766,26936,16733,16440,15674,7578,7383,6585,768,689,670,65,59,51,6745,6635,5865,5591,4944,4677,610332,602325,558967,443718,436510,394934,104489,103421,101995,71442,70137,71168,33047,33284,30827,62125,62394,62038,387,1290,2687,61738,61104,59351
Alabama,2008,Tuscaloosa,R,5858295,5548373,5183104,3633171,3533222,3334715,1075531,965370,907674,115614,99874,96625,8270,7493,7887,951647,858003,803162,1149593,1049781,940715,184350,181383,175731,31778,30589,29495,19708,19479,18976,5834,5322,5165,627,551,550,45,41,45,5162,4730,4570,6236,5788,5353,4592136,4422014,4100522,3452995,3291706,3039698,839440,814694,777745,597115,582880,559559,242325,231814,218186,299701,315614,283079,2052,2836,7067,297649,312778,276012
Alabama,2008,Walker,R,2120275,2038894,1946250,1157275,1139416,1102281,567136,534568,490145,47183,40722,39749,3661,3626,3358,516292,490220,447038,395864,364910,353824,67695,68234,68500,31321,29881,28412,17095,16699,16092,8378,7834,7155,697,597,580,54,53,49,7627,7184,6526,5848,5348,5165,883153,869550,821394,613524,591055,553259,152574,150856,145189,107944,107754,104214,44630,43102,40975,117055,127639,122946,2685,8019,19549,114370,119620,103397
Alabama,2008,Washington,R,464523,427712,409360,288964,256012,250288,117586,121370,107037,14856,13531,14446,1157,1031,1054,101573,106808,91537,57973,50330,52035,17491,17705,17690,26558,24158,23141,16521,14460,14149,6723,6855,6051,849,764,817,66,58,60,5807,6033,5175,3314,2843,2941,288400,262344,262876,205926,192265,190992,55988,53536,52609,41440,40324,39649,14548,13212,12960,26486,16543,19275,10606,374,5378,15880,16169,13897
Alabama,2008,Wilcox,D,271085,263380,246765,127208,129602,122101,107146,100150,92295,24828,22010,21751,931,798,822,81387,77342,69722,36731,33628,32369,12208,12221,12369,22206,21551,19950,10420,10605,9872,8777,8195,7462,2034,1801,1759,76,65,66,6667,6329,5637,3009,2752,2617,179285,182158,174306,119986,119547,117515,30062,30220,30877,21587,21675,22392,8475,8545,8485,29237,32391,25914,9158,12512,11505,20079,19879,14409
Alabama,2008,Winston,R,655555,628683,616464,377214,379243,382256,184084,171368,158945,16596,14843,14992,1604,1354,1277,165884,155171,142676,94257,78072,75263,24858,24796,24629,26372,25354,25030,15175,15295,15521,7405,6911,6454,668,599,609,65,55,52,6673,6258,5793,3792,3149,3056,391994,402828,407347,258664,263051,251218,,,,,,,,,,,,,,,,,,
