GeoFIPS,GeoName,Region,TableName,LineCode,IndustryClassification,Description,Unit,1969,1970,1971,1972,1973,1974,1975,1976,1977,1978,1979,1980,1981,1982,1983,1984,1985,1986,1987,1988,1989,1990,1991,1992,1993,1994,1995,1996,1997,1998,1999,2000,2001,2002,2003,2004,2005,2006,2007,2008,2009,2010,2011,2012,2013,2014,2015,2016,2017,2018,2019,2020,2021,2022,2023
 "44000","Rhode Island",1,CAINC30,10,"...","Personal income (thousands of dollars) ","Thousands of dollars",3741845,4092971,4336596,4721967,5044554,5288914,5742437,6272443,6864937,7531162,8362745,9393441,10455116,11258544,12185542,13361043,14402385,15441352,16481698,18222995,19829194,20430364,20648278,21572585,22483684,23050675,24278996,25113199,26554301,28349718,29581071,31875284,33611758,34965677,36700205,38541514,39241318,41162032,42935212,43768605,42764925,44973874,46685369,48186451,48187015,50045148,51775192,52514454,54704265,56918930,60336968,64969688,69014438,70450412,74045761
 "44000","Rhode Island",1,CAINC30,45,"..."," Net earnings by place of residence ","Thousands of dollars",2788531,2991811,3122479,3410065,3581961,3642022,3790127,4229358,4656033,5140796,5699435,6207564,6661130,7033522,7650648,8451413,9224968,10003242,10883201,12002799,12729689,12987181,12744553,13508354,13993395,14492074,15168443,15681189,16560106,17971377,19193863,20820116,21806736,22930780,24151082,25527057,26029791,27204576,27700155,27333665,26308476,27872035,29028378,30199944,30376028,31086779,32236459,32714168,33971006,35443772,37647320,38292865,40983786,43718105,45355812
 "44000","Rhode Island",1,CAINC30,50,"..."," Personal current transfer receipts ","Thousands of dollars",347206,423015,496661,545627,624674,733593,971929,994536,1041509,1112354,1235934,1430831,1636137,1795913,1914368,1966925,2088337,2172436,2237118,2398219,2613229,2889760,3511041,3660912,3972957,3950944,4169950,4252887,4516328,4565554,4745474,4922222,5504910,5744226,5904767,6298216,6548823,6786038,7436311,8261558,8963434,9534245,9617874,9489685,9631850,10363708,10551987,10572697,10899596,11160483,11722374,15690601,16829021,14612855,15213827
 "44000","Rhode Island",1,CAINC30,60,"...","  Income maintenance benefits 1/","Thousands of dollars",33024,47192,59057,64654,67712,87951,102443,110500,111000,118669,126133,161075,181436,167411,177180,179526,188250,197311,198986,212891,230395,264680,310383,344665,371227,390160,414400,424434,404034,439563,443278,458876,471113,497499,516653,533319,574920,575481,730143,730120,865722,989806,1037805,1071765,1142114,1109408,992768,1006333,994989,986849,1043006,1108863,1429721,1770572,1158199
 "44000","Rhode Island",1,CAINC30,70,"...","  Unemployment insurance compensation ","Thousands of dollars",19079,38712,53066,51382,47968,65502,182643,124553,106734,88310,85048,98438,97866,138267,123176,79833,83377,74470,78167,82637,110724,178359,281198,334468,289733,225283,205524,189740,160859,149892,154419,150495,186711,257698,260944,213929,204009,201383,234282,345245,704960,705861,605382,491527,332992,191617,167467,159010,157776,149183,146716,2268986,1471142,133094,183159
 "44000","Rhode Island",1,CAINC30,80,"...","  Retirement and other ","Thousands of dollars",295103,337111,384538,429591,508994,580140,686843,759483,823775,905375,1024753,1171318,1356835,1490235,1614012,1707566,1816710,1900655,1959965,2102691,2272110,2446721,2919460,2981779,3311997,3335501,3550026,3638713,3951435,3976099,4147777,4312851,4847086,4989029,5127170,5550968,5769894,6009174,6471886,7186193,7392752,7838578,7974687,7926393,8156744,9062683,9391752,9407354,9746831,10024451,10532652,12312752,13928158,12709189,13872469
 "44000","Rhode Island",1,CAINC30,90,"..."," Dividends, interest, and rent 2/","Thousands of dollars",606108,678145,717456,766275,837919,913299,980381,1048549,1167395,1278012,1427376,1755046,2157849,2429109,2620526,2942705,3089080,3265674,3361379,3821977,4486276,4553423,4392684,4403319,4517332,4607657,4940603,5179123,5477867,5812787,5641734,6132946,6300112,6290671,6644356,6716241,6662704,7171418,7798746,8173382,7493015,7567594,8039117,8496822,8179137,8594661,8986746,9227589,9833663,10314675,10967274,10986222,11201631,12119452,13476122
 "44000","Rhode Island",1,CAINC30,100,"..."," Population (persons) 3/","Number of persons",932000,950561,963974,976365,978010,953503,946339,950321,955128,957237,956643,948773,953012,954170,956382,961895,968956,977340,989605,996407,1000666,1005995,1010649,1012581,1015112,1015960,1017002,1020893,1025353,1031155,1040402,1050268,1057142,1065995,1071342,1074579,1067916,1063096,1057315,1055003,1053646,1054954,1058647,1063602,1068168,1073041,1077348,1082251,1084914,1091751,1094524,1096444,1097092,1093842,1095962
 "44000","Rhode Island",1,CAINC30,110,"..."," Per capita personal income 4/","Dollars",4015,4306,4499,4836,5158,5547,6068,6600,7187,7868,8742,9901,10971,11799,12741,13890,14864,15799,16655,18289,19816,20309,20431,21305,22149,22689,23873,24599,25898,27493,28432,30350,31795,32801,34256,35867,36746,38719,40608,41487,40588,42631,44099,45305,45112,46639,48058,48523,50423,52135,55126,59255,62907,64406,67562
 "44000","Rhode Island",1,CAINC30,120,"..."," Per capita net earnings 4/","Dollars",2992,3147,3239,3493,3662,3820,4005,4450,4875,5370,5958,6543,6990,7371,8000,8786,9521,10235,10998,12046,12721,12910,12610,13341,13785,14264,14915,15360,16151,17428,18449,19824,20628,21511,22543,23755,24374,25590,26199,25909,24969,26420,27420,28394,28438,28971,29922,30228,31312,32465,34396,34925,37357,39967,41384
 "44000","Rhode Island",1,CAINC30,130,"..."," Per capita personal current transfer receipts 4/","Dollars",373,445,515,559,639,769,1027,1047,1090,1162,1292,1508,1717,1882,2002,2045,2155,2223,2261,2407,2611,2873,3474,3615,3914,3889,4100,4166,4405,4428,4561,4687,5207,5389,5512,5861,6132,6383,7033,7831,8507,9038,9085,8922,9017,9658,9794,9769,10047,10223,10710,14310,15340,13359,13882
 "44000","Rhode Island",1,CAINC30,140,"...","  Per capita income maintenance benefits 4/","Dollars",35,50,61,66,69,92,108,116,116,124,132,170,190,175,185,187,194,202,201,214,230,263,307,340,366,384,407,416,394,426,426,437,446,467,482,496,538,541,691,692,822,938,980,1008,1069,1034,921,930,917,904,953,1011,1303,1619,1057
 "44000","Rhode Island",1,CAINC30,150,"...","  Per capita unemployment insurance compensation 4/","Dollars",20,41,55,53,49,69,193,131,112,92,89,104,103,145,129,83,86,76,79,83,111,177,278,330,285,222,202,186,157,145,148,143,177,242,244,199,191,189,222,327,669,669,572,462,312,179,155,147,145,137,134,2069,1341,122,167
 "44000","Rhode Island",1,CAINC30,160,"...","  Per capita retirement and other 4/","Dollars",317,355,399,440,520,608,726,799,862,946,1071,1235,1424,1562,1688,1775,1875,1945,1981,2110,2271,2432,2889,2945,3263,3283,3491,3564,3854,3856,3987,4106,4585,4680,4786,5166,5403,5653,6121,6812,7016,7430,7533,7452,7636,8446,8717,8692,8984,9182,9623,11230,12696,11619,12658
 "44000","Rhode Island",1,CAINC30,170,"..."," Per capita dividends, interest, and rent 4/","Dollars",650,713,744,785,857,958,1036,1103,1222,1335,1492,1850,2264,2546,2740,3059,3188,3341,3397,3836,4483,4526,4346,4349,4450,4535,4858,5073,5342,5637,5423,5839,5960,5901,6202,6250,6239,6746,7376,7747,7112,7173,7594,7989,7657,8010,8342,8526,9064,9448,10020,10020,10210,11080,12296
 "44000","Rhode Island",1,CAINC30,180,"..."," Earnings by place of work ","Thousands of dollars",2957038,3173667,3331486,3663811,3894613,3964775,4124310,4615049,5074089,5636785,6276019,6831269,7358972,7728397,8375682,9255667,10053903,10916583,11829095,13038796,13766018,14106505,13856842,14713014,15244098,15771752,16491633,16981462,17899302,19369472,20607633,22240977,23244151,24490465,25920024,27223088,28013842,29366757,29871870,29770583,28759024,30637905,31243578,32356157,33078157,34223038,35390032,35909471,37081297,38317238,39716014,40022262,43338984,46226637,48220983
 "44000","Rhode Island",1,CAINC30,190,"...","  Wages and salaries ","Thousands of dollars",2382283,2553137,2665401,2924067,3108099,3176300,3260934,3618684,3930496,4360324,4832751,5256079,5673875,5936936,6347454,7021299,7547635,8191698,8940465,9761816,10271951,10577051,10317954,10812143,11222890,11566546,12175375,12577361,13375268,14274936,15051651,16137163,16763538,17443287,18452216,19217707,19811476,20801258,21408080,21669601,20911963,21481261,22013714,22662324,23449748,24578533,25614286,26214589,27182823,27920811,28841514,28902488,31054870,33474660,34839563
 "44000","Rhode Island",1,CAINC30,200,"...","  Supplements to wages and salaries ","Thousands of dollars",336689,376988,411846,470687,499815,494302,551105,632407,723273,828319,936399,1038098,1179751,1273222,1402220,1560960,1688810,1856284,1991683,2183695,2358578,2481314,2471394,2764085,2857772,2918848,2961193,3003267,3086859,3235862,3421547,3684294,3875163,4175889,4434828,4738621,5000094,5305693,5484709,5557504,5303268,5775109,5607443,5635872,5713601,5915298,6118722,6290675,6499380,6702899,6779732,6825779,7377666,7727553,8042935
 "44000","Rhode Island",1,CAINC30,201,"...","   Employer contributions for employee pension and insurance funds 5/","Thousands of dollars",213717,245702,267788,301120,292508,273083,328229,370233,433302,491728,552973,626184,708312,781820,860975,925935,1021337,1138724,1231961,1346030,1505893,1572681,1574049,1812706,1858152,1873003,1884126,1908125,1945676,2036688,2176657,2362776,2519605,2786428,2969679,3203020,3399431,3629788,3780290,3840268,3596990,4004585,3788904,3755067,3778460,3899454,4009316,4144464,4304522,4465561,4477975,4554142,4914773,5094113,5244818
 "44000","Rhode Island",1,CAINC30,202,"...","   Employer contributions for government social insurance ","Thousands of dollars",122972,131286,144058,169567,207307,221219,222876,262174,289971,336591,383426,411914,471439,491402,541245,635025,667473,717560,759722,837665,852685,908633,897345,951379,999620,1045845,1077067,1095142,1141183,1199174,1244890,1321518,1355558,1389461,1465149,1535601,1600663,1675905,1704419,1717236,1706278,1770524,1818539,1880805,1935141,2015844,2109406,2146211,2194858,2237338,2301757,2271637,2462893,2633440,2798117
 "44000","Rhode Island",1,CAINC30,210,"...","  Proprietors' income ","Thousands of dollars",238066,243542,254239,269057,286699,294173,312271,363958,420320,448142,506869,537092,505346,518239,626008,673408,817458,868601,896947,1093285,1135489,1048140,1067494,1136786,1163436,1286358,1355065,1400834,1437175,1858674,2134435,2419520,2605450,2871289,3032980,3266760,3202272,3259806,2979081,2543478,2543793,3381535,3622421,4057961,3914808,3729207,3657024,3404207,3399094,3693528,4094768,4293995,4906448,5024424,5338485
 "44000","Rhode Island",1,CAINC30,220,"...","   Farm proprietors' income ","Thousands of dollars",4551,5939,4768,4257,2700,4974,4867,5029,3288,3737,1765,1833,2983,20490,29905,24923,33593,35199,32119,32543,22780,19989,21804,20057,19559,14855,13070,11373,2672,1944,2975,2325,3252,3904,6283,8592,10567,7156,5513,9440,11012,10961,8794,6169,4138,-1193,6553,-2990,9994,5206,7687,12825,20710,27217,14001
 "44000","Rhode Island",1,CAINC30,230,"...","   Nonfarm proprietors' income ","Thousands of dollars",233515,237603,249471,264800,283999,289199,307404,358929,417032,444405,505104,535259,502363,497749,596103,648485,783865,833402,864828,1060742,1112709,1028151,1045690,1116729,1143877,1271503,1341995,1389461,1434503,1856730,2131460,2417195,2602198,2867385,3026697,3258168,3191705,3252650,2973568,2534038,2532781,3370574,3613627,4051792,3910670,3730400,3650471,3407197,3389100,3688322,4087081,4281170,4885738,4997207,5324484
 "44001","Bristol, RI",1,CAINC30,10,"...","Personal income (thousands of dollars) ","Thousands of dollars",203937,215661,229064,244765,262957,277149,299661,331671,365794,399351,446751,501475,562973,612342,665046,740362,794624,848774,902266,1026493,1136236,1151854,1161640,1239841,1294571,1343492,1467071,1527316,1585535,1698702,1839600,1979751,2119918,2196075,2304758,2466548,2515856,2709581,2871441,2910164,2752731,3015250,3033561,3206380,3133706,3218767,3387825,3495301,3638518,3699399,3908955,4081231,4328137,4412976,4650495
 "44001","Bristol, RI",1,CAINC30,45,"..."," Net earnings by place of residence ","Thousands of dollars",150849,155856,163096,173577,184164,189177,197096,224455,249048,274655,308047,337090,361446,384753,424045,471779,508584,551832,599030,663577,705453,710283,706024,765753,795776,812349,886407,914448,956170,1012192,1150193,1217086,1312905,1379492,1438372,1504733,1522764,1593581,1665380,1661558,1643314,1713417,1812443,1891110,1885042,1947583,2040292,2140672,2248444,2292410,2459713,2482721,2720362,2769057,2855177
 "44001","Bristol, RI",1,CAINC30,50,"..."," Personal current transfer receipts ","Thousands of dollars",13048,15743,19360,21374,24204,28878,41742,41625,43793,46029,49542,57082,65644,73601,78957,81534,85548,88228,89573,94943,104965,116401,135151,144743,149834,161731,168748,176460,185546,187035,192026,203546,222936,232015,235349,248128,261813,280511,298809,338151,366456,383634,383563,383079,389907,408513,419570,425351,434841,449970,469643,633437,664234,591426,621843
 "44001","Bristol, RI",1,CAINC30,60,"...","  Income maintenance benefits 1/","Thousands of dollars",510,680,1182,1338,1436,2083,2647,3023,3034,3122,3146,4101,4209,3920,4105,4088,4225,4425,4456,4741,4924,5622,6167,6786,7048,7485,7986,8279,7952,8576,8398,8456,8467,9063,9309,9610,11499,11849,14040,14153,16592,19507,20419,20789,22106,21342,19452,20078,19925,19810,20058,21722,29085,45753,22372
 "44001","Bristol, RI",1,CAINC30,70,"...","  Unemployment insurance compensation ","Thousands of dollars",898,1879,2850,2581,1999,2934,11036,7403,6398,5654,4020,5001,5902,7194,6308,4293,4466,4202,4441,4258,5702,9958,14414,18057,15222,10684,8837,8121,6912,6087,5961,6180,7315,10864,10938,9024,8534,8476,9526,14274,30911,29873,25002,20262,13846,7633,6759,6444,6373,5933,5751,84621,57670,5036,7174
 "44001","Bristol, RI",1,CAINC30,80,"...","  Retirement and other ","Thousands of dollars",11640,13184,15328,17455,20769,23861,28059,31199,34361,37253,42376,47980,55533,62487,68544,73153,76857,79601,80676,85944,94339,100821,114570,119900,127564,143562,151925,160060,170682,172372,177667,188910,207154,212088,215102,229494,241780,260186,275243,309724,318953,334254,338142,342028,353955,379538,393359,398829,408543,424227,443834,527094,577479,540637,592297
 "44001","Bristol, RI",1,CAINC30,90,"..."," Dividends, interest, and rent 2/","Thousands of dollars",40040,44062,46608,49814,54589,59094,60823,65591,72953,78667,89162,107303,135883,153988,162044,187049,200492,208714,213663,267973,325818,325170,320465,329345,348961,369412,411916,436408,443819,499475,497381,559119,584077,584568,631037,713687,731279,835489,907252,910455,742961,918199,837555,932191,858757,862671,927963,929278,955233,957019,979599,965073,943541,1052493,1173475
 "44001","Bristol, RI",1,CAINC30,100,"..."," Population (persons) 3/","Number of persons",44870,45880,46264,46702,46849,46692,46707,47176,47761,47734,46845,46827,46258,46487,47279,47374,47630,48201,48456,49269,48866,48915,49130,49310,49604,49656,49750,49868,50028,50328,50466,50697,50942,51850,51658,52213,51667,50996,50914,50668,50075,49877,49536,49819,50047,50119,50423,50365,50528,50678,50746,50784,50774,50307,50255
 "44001","Bristol, RI",1,CAINC30,110,"..."," Per capita personal income 4/","Dollars",4545,4701,4951,5241,5613,5936,6416,7031,7659,8366,9537,10709,12170,13172,14066,15628,16683,17609,18620,20834,23252,23548,23644,25144,26098,27056,29489,30627,31693,33753,36452,39051,41614,42354,44616,47240,48694,53133,56398,57436,54972,60454,61240,64361,62615,64222,67188,69399,72010,72998,77030,80365,85243,87721,92538
 "44001","Bristol, RI",1,CAINC30,120,"..."," Per capita net earnings 4/","Dollars",3362,3397,3525,3717,3931,4052,4220,4758,5214,5754,6576,7199,7814,8277,8969,9959,10678,11449,12362,13468,14436,14521,14371,15529,16043,16360,17817,18337,19113,20112,22791,24007,25773,26605,27844,28819,29473,31249,32710,32793,32817,34353,36588,37960,37665,38859,40464,42503,44499,45235,48471,48888,53578,55043,56814
 "44001","Bristol, RI",1,CAINC30,130,"..."," Per capita personal current transfer receipts 4/","Dollars",291,343,418,458,517,618,894,882,917,964,1058,1219,1419,1583,1670,1721,1796,1830,1849,1927,2148,2380,2751,2935,3021,3257,3392,3539,3709,3716,3805,4015,4376,4475,4556,4752,5067,5501,5869,6674,7318,7692,7743,7689,7791,8151,8321,8445,8606,8879,9255,12473,13082,11756,12374
 "44001","Bristol, RI",1,CAINC30,140,"...","  Per capita income maintenance benefits 4/","Dollars",11,15,26,29,31,45,57,64,64,65,67,88,91,84,87,86,89,92,92,96,101,115,126,138,142,151,161,166,159,170,166,167,166,175,180,184,223,232,276,279,331,391,412,417,442,426,386,399,394,391,395,428,573,909,445
 "44001","Bristol, RI",1,CAINC30,150,"...","  Per capita unemployment insurance compensation 4/","Dollars",20,41,62,55,43,63,236,157,134,118,86,107,128,155,133,91,94,87,92,86,117,204,293,366,307,215,178,163,138,121,118,122,144,210,212,173,165,166,187,282,617,599,505,407,277,152,134,128,126,117,113,1666,1136,100,143
 "44001","Bristol, RI",1,CAINC30,160,"...","  Per capita retirement and other 4/","Dollars",259,287,331,374,443,511,601,661,719,780,905,1025,1201,1344,1450,1544,1614,1651,1665,1744,1931,2061,2332,2432,2572,2891,3054,3210,3412,3425,3521,3726,4066,4090,4164,4395,4680,5102,5406,6113,6370,6702,6826,6865,7072,7573,7801,7919,8085,8371,8746,10379,11374,10747,11786
 "44001","Bristol, RI",1,CAINC30,170,"..."," Per capita dividends, interest, and rent 4/","Dollars",892,960,1007,1067,1165,1266,1302,1390,1527,1648,1903,2291,2938,3312,3427,3948,4209,4330,4409,5439,6668,6648,6523,6679,7035,7439,8280,8751,8871,9924,9856,11029,11466,11274,12216,13669,14154,16383,17819,17969,14837,18409,16908,18712,17159,17212,18404,18451,18905,18884,19304,19003,18583,20921,23350
 "44001","Bristol, RI",1,CAINC30,180,"..."," Earnings by place of work ","Thousands of dollars",92319,96462,99980,101256,111469,118332,123461,143990,158645,166527,186600,191707,209071,217167,238814,270461,282937,305045,324068,365550,386331,377535,364505,382701,394064,416921,449510,466851,472545,526498,570644,612211,679831,726328,776649,808447,828694,861423,891626,906306,876963,908206,910709,931300,947399,984751,1004400,1013200,1028740,1076177,1144893,1133884,1296472,1382440,1494881
 "44001","Bristol, RI",1,CAINC30,190,"...","  Wages and salaries ","Thousands of dollars",68400,72024,73849,74337,82306,87975,89535,103583,112021,117062,131453,132863,149351,154786,165542,190396,196045,214095,229198,257535,266954,265290,251304,260898,269210,281496,301513,313077,333726,364985,379228,405837,421195,442438,483917,506605,526159,541612,569150,581775,547789,546583,549261,558629,585605,617126,639863,645380,655640,675149,709874,700967,801801,879998,958448
 "44001","Bristol, RI",1,CAINC30,200,"...","  Supplements to wages and salaries ","Thousands of dollars",8873,9767,10301,10680,12257,13581,15368,18253,21104,22653,26019,26807,31798,34222,37893,43435,45183,50218,53979,59507,63358,64184,61587,68653,71170,73686,77021,77558,78978,85837,91352,98619,100157,108441,119784,129853,137491,142700,150540,155608,145506,155298,146889,146935,149991,158448,161812,166453,165671,172142,175315,177058,197661,206653,220621
 "44001","Bristol, RI",1,CAINC30,201,"...","   Employer contributions for employee pension and insurance funds 5/","Thousands of dollars",5029,5778,6031,6054,6330,7004,8742,10148,12154,12825,14670,15847,18711,20925,23119,25321,27011,30612,33630,36457,40347,40755,39120,45271,46262,47470,49358,49424,49480,53723,58375,63348,64797,72139,80112,87790,93030,97069,103548,107553,99090,108008,99113,98365,99457,106029,107356,111819,110785,116486,117685,119782,132642,135836,142730
 "44001","Bristol, RI",1,CAINC30,202,"...","   Employer contributions for government social insurance ","Thousands of dollars",3844,3989,4270,4626,5927,6577,6626,8105,8950,9828,11349,10960,13087,13297,14774,18114,18172,19606,20349,23050,23011,23429,22467,23382,24908,26216,27663,28134,29498,32114,32977,35271,35360,36302,39672,42063,44461,45631,46992,48055,46416,47290,47776,48570,50534,52419,54456,54634,54886,55656,57630,57276,65019,70817,77891
 "44001","Bristol, RI",1,CAINC30,210,"...","  Proprietors' income ","Thousands of dollars",15046,14671,15830,16239,16906,16776,18558,22154,25520,26812,29128,32037,27922,28159,35379,36630,41709,40732,40891,48508,56019,48061,51614,53150,53684,61739,70976,76216,59841,75676,100064,107755,158479,175449,172948,171989,165044,177111,171936,168923,183668,206325,214559,225736,211803,209177,202725,201367,207429,228886,259704,255859,297010,295789,315812
 "44001","Bristol, RI",1,CAINC30,220,"...","   Farm proprietors' income ","Thousands of dollars",422,452,407,431,341,368,429,446,353,372,181,118,130,516,663,568,820,955,819,950,954,986,1275,1207,1268,870,790,511,-2,-10,86,99,173,188,204,251,468,212,-93,111,314,488,621,603,758,306,262,-221,-25,-314,378,-363,14,1529,77
 "44001","Bristol, RI",1,CAINC30,230,"...","   Nonfarm proprietors' income ","Thousands of dollars",14624,14219,15423,15808,16565,16408,18129,21708,25167,26440,28947,31919,27792,27643,34716,36062,40889,39777,40072,47558,55065,47075,50339,51943,52416,60869,70186,75705,59843,75686,99978,107656,158306,175261,172744,171738,164576,176899,172029,168812,183354,205837,213938,225133,211045,208871,202463,201588,207454,229200,259326,256222,296996,294260,315735
 "44003","Kent, RI",1,CAINC30,10,"...","Personal income (thousands of dollars) ","Thousands of dollars",566542,609950,650015,717213,785179,844190,936525,1030148,1132012,1245347,1407586,1613618,1786203,1907338,2056494,2245081,2385816,2568402,2764770,3046024,3293233,3401943,3455349,3616041,3783597,3887596,4093990,4261703,4489504,4740978,4992971,5325610,5656532,5936247,6268073,6572583,6677046,6970749,7230041,7428117,7322930,7483720,7891079,8146945,8180085,8486840,8803745,8864675,9303827,9555770,10058368,10756140,11293029,11657553,12332625
 "44003","Kent, RI",1,CAINC30,45,"..."," Net earnings by place of residence ","Thousands of dollars",442769,467266,488800,540083,581963,611082,643142,727261,803729,890405,1009661,1127464,1203578,1253969,1353694,1477532,1586156,1718614,1882049,2072861,2209221,2259108,2244759,2389360,2490383,2582870,2697940,2807377,2961420,3182471,3426526,3658202,3917462,4146401,4374788,4656496,4720531,4895492,4990701,4985312,4812099,4960894,5201543,5394958,5471852,5543803,5772935,5832083,6058895,6214546,6525377,6567692,7012816,7492233,7801826
 "44003","Kent, RI",1,CAINC30,50,"..."," Personal current transfer receipts ","Thousands of dollars",40875,50575,61603,69395,83265,99792,143340,141458,148823,158862,177918,209549,237754,266676,280774,290164,306482,325687,340513,367764,401346,450688,547117,583174,621626,612720,643655,664468,696108,701039,725779,753288,818599,856841,892521,937161,981008,1041434,1119634,1255076,1368650,1469643,1480692,1493120,1505989,1606735,1639350,1653252,1701132,1755573,1849121,2465043,2630205,2310076,2418970
 "44003","Kent, RI",1,CAINC30,60,"...","  Income maintenance benefits 1/","Thousands of dollars",2396,3505,4396,4974,6051,8634,11072,12035,12124,12931,13984,18194,19695,17871,18609,19064,20034,20979,21265,21664,23045,26793,31067,34392,37388,38873,41326,42179,40098,43419,43078,45086,46122,49253,50760,52861,57813,58600,73653,73634,87711,101884,105687,109799,116009,112258,102559,105158,105212,104071,109375,118129,153447,213747,123140
 "44003","Kent, RI",1,CAINC30,70,"...","  Unemployment insurance compensation ","Thousands of dollars",2722,5616,9236,9513,9580,12581,36613,23330,20339,17737,16558,20108,20595,30270,25202,16153,12426,14837,17075,19639,26343,42962,72668,86684,73620,59109,54696,50361,42053,37992,37594,36549,28644,40798,41327,34291,32680,31610,37573,55188,115110,117036,97327,78536,52155,29799,25569,23684,23720,22102,21691,344782,224040,19798,27077
 "44003","Kent, RI",1,CAINC30,80,"...","  Retirement and other ","Thousands of dollars",35757,41454,47971,54908,67634,78577,95655,106093,116360,128194,147376,171247,197464,218535,236963,254947,274022,289871,302173,326461,351958,380933,443382,462098,510618,514738,547633,571928,613957,619628,645107,671653,743833,766790,800434,850009,890515,951224,1008408,1126254,1165829,1250723,1277678,1304785,1337825,1464678,1511222,1524410,1572200,1629400,1718055,2002132,2252718,2076531,2268753
 "44003","Kent, RI",1,CAINC30,90,"..."," Dividends, interest, and rent 2/","Thousands of dollars",82898,92109,99612,107735,119951,133316,150043,161429,179460,196080,220007,276605,344871,386693,422026,477385,493178,524101,542208,605399,682666,692147,663473,643507,671588,692006,752395,789858,831976,857468,840666,914120,920471,933005,1000764,978926,975507,1033823,1119706,1187729,1142181,1053183,1208844,1258867,1202244,1336302,1391460,1379340,1543800,1585651,1683870,1723405,1650008,1855244,2111829
 "44003","Kent, RI",1,CAINC30,100,"..."," Population (persons) 3/","Number of persons",138921,142590,144814,147335,149030,149482,149975,151903,154484,154250,154280,154219,154084,153908,153901,154905,156019,157306,159908,160284,160283,161463,162230,163076,163967,164223,164106,164373,164505,164932,166044,167516,168516,169478,170641,170539,169815,168522,167515,167269,166766,166171,165995,165915,166222,166931,166764,167378,167761,168924,169506,170406,171077,171134,171278
 "44003","Kent, RI",1,CAINC30,110,"..."," Per capita personal income 4/","Dollars",4078,4278,4489,4868,5269,5647,6245,6782,7328,8074,9124,10463,11592,12393,13362,14493,15292,16327,17290,19004,20546,21069,21299,22174,23075,23673,24947,25927,27291,28745,30070,31792,33567,35027,36733,38540,39320,41364,43161,44408,43911,45036,47538,49103,49212,50840,52792,52962,55459,56568,59339,63121,66011,68119,72004
 "44003","Kent, RI",1,CAINC30,120,"..."," Per capita net earnings 4/","Dollars",3187,3277,3375,3666,3905,4088,4288,4788,5203,5772,6544,7311,7811,8148,8796,9538,10166,10925,11770,12932,13783,13991,13837,14652,15188,15728,16440,17079,18002,19296,20636,21838,23247,24466,25637,27305,27798,29050,29793,29804,28855,29854,31336,32516,32919,33210,34617,34844,36116,36789,38496,38541,40992,43780,45551
 "44003","Kent, RI",1,CAINC30,130,"..."," Per capita personal current transfer receipts 4/","Dollars",294,355,425,471,559,668,956,931,963,1030,1153,1359,1543,1733,1824,1873,1964,2070,2129,2294,2504,2791,3372,3576,3791,3731,3922,4042,4232,4250,4371,4497,4858,5056,5230,5495,5777,6180,6684,7503,8207,8844,8920,8999,9060,9625,9830,9877,10140,10393,10909,14466,15374,13499,14123
 "44003","Kent, RI",1,CAINC30,140,"...","  Per capita income maintenance benefits 4/","Dollars",17,25,30,34,41,58,74,79,78,84,91,118,128,116,121,123,128,133,133,135,144,166,191,211,228,237,252,257,244,263,259,269,274,291,297,310,340,348,440,440,526,613,637,662,698,672,615,628,627,616,645,693,897,1249,719
 "44003","Kent, RI",1,CAINC30,150,"...","  Per capita unemployment insurance compensation 4/","Dollars",20,39,64,65,64,84,244,154,132,115,107,130,134,197,164,104,80,94,107,123,164,266,448,532,449,360,333,306,256,230,226,218,170,241,242,201,192,188,224,330,690,704,586,473,314,179,153,142,141,131,128,2023,1310,116,158
 "44003","Kent, RI",1,CAINC30,160,"...","  Per capita retirement and other 4/","Dollars",257,291,331,373,454,526,638,698,753,831,955,1110,1282,1420,1540,1646,1756,1843,1890,2037,2196,2359,2733,2834,3114,3134,3337,3479,3732,3757,3885,4009,4414,4524,4691,4984,5244,5645,6020,6733,6991,7527,7697,7864,8048,8774,9062,9108,9372,9646,10136,11749,13168,12134,13246
 "44003","Kent, RI",1,CAINC30,170,"..."," Per capita dividends, interest, and rent 4/","Dollars",597,646,688,731,805,892,1000,1063,1162,1271,1426,1794,2238,2512,2742,3082,3161,3332,3391,3777,4259,4287,4090,3946,4096,4214,4585,4805,5057,5199,5063,5457,5462,5505,5865,5740,5745,6135,6684,7101,6849,6338,7282,7587,7233,8005,8344,8241,9202,9387,9934,10114,9645,10841,12330
 "44003","Kent, RI",1,CAINC30,180,"..."," Earnings by place of work ","Thousands of dollars",267951,293646,310356,350072,395295,435386,464741,541291,617580,712549,822193,898600,976888,1008572,1089941,1197653,1281873,1418414,1568934,1757399,1883277,1918904,1901918,2073369,2174517,2284124,2375901,2491316,2645949,2846968,3083660,3324240,3570366,3845168,4142978,4361650,4433803,4603294,4680536,4594527,4420796,4596802,4682670,4795055,4882730,4943649,5089712,5198629,5397159,5611945,5871427,5721326,6153513,6574881,6968964
 "44003","Kent, RI",1,CAINC30,190,"...","  Wages and salaries ","Thousands of dollars",208891,230529,242502,274632,310088,342727,359811,416191,471472,544541,626706,683209,746670,767317,821635,905040,964228,1072092,1188927,1327149,1410574,1450033,1425184,1536013,1615265,1697579,1776678,1860637,2017327,2133921,2266647,2483791,2594208,2771695,3014271,3166107,3192824,3315451,3433387,3390309,3230468,3268389,3356576,3413935,3511804,3599998,3722296,3811344,3962554,4115113,4325628,4244151,4556556,4851619,5143242
 "44003","Kent, RI",1,CAINC30,200,"...","  Supplements to wages and salaries ","Thousands of dollars",25978,29662,32647,39047,45991,51843,59805,72264,86062,102681,121588,134336,153908,162792,179610,199871,214516,241447,265279,295553,321355,339530,340877,396242,415580,433813,434543,447213,459159,472729,499383,551202,592750,654107,711022,765729,805470,852552,878230,872874,816330,871759,841680,835747,843447,856667,876984,898033,931020,968351,988835,982046,1058369,1099333,1151644
 "44003","Kent, RI",1,CAINC30,201,"...","   Employer contributions for employee pension and insurance funds 5/","Thousands of dollars",14526,17342,19076,22412,24366,27188,34434,41222,50428,59420,70366,79392,90115,96699,106835,114903,126015,144733,161036,178422,201636,212430,214675,258377,267663,277288,274878,283365,286017,294949,314829,350923,381145,432404,471002,510067,542620,577052,599300,597063,545387,594367,557052,545190,545922,552058,562050,575653,602633,632533,637901,641436,689526,707675,731162
 "44003","Kent, RI",1,CAINC30,202,"...","   Employer contributions for government social insurance ","Thousands of dollars",11452,12320,13571,16635,21625,24655,25371,31042,35634,43261,51222,54944,63793,66093,72775,84968,88501,96714,104243,117131,119719,127100,126202,137865,147917,156525,159665,163848,173142,177780,184554,200279,211605,221703,240020,255662,262850,275500,278930,275811,270943,277392,284628,290557,297525,304609,314934,322380,328387,335818,350934,340610,368843,391658,420482
 "44003","Kent, RI",1,CAINC30,210,"...","  Proprietors' income ","Thousands of dollars",33082,33455,35207,36393,39216,40816,45125,52836,60046,65327,73899,81055,76310,78463,88696,92742,103129,104875,114728,134697,151348,129341,135857,141114,143672,152732,164680,183466,169463,240318,317630,289247,383408,419366,417685,429814,435509,435291,368919,331344,373998,456654,484414,545373,527479,486984,490432,489252,503585,528481,556964,495129,538588,623929,674078
 "44003","Kent, RI",1,CAINC30,220,"...","   Farm proprietors' income ","Thousands of dollars",410,488,349,316,205,278,423,312,208,-21,126,219,517,1264,1181,1063,1372,1379,700,662,596,555,781,1005,1137,817,746,732,346,89,-4,-4,-97,-114,-132,2,-48,-398,-593,-906,-503,-386,-471,-692,-559,-988,-299,-346,-264,-621,-165,-370,-286,832,-429
 "44003","Kent, RI",1,CAINC30,230,"...","   Nonfarm proprietors' income ","Thousands of dollars",32672,32967,34858,36077,39011,40538,44702,52524,59838,65348,73773,80836,75793,77199,87515,91679,101757,103496,114028,134035,150752,128786,135076,140109,142535,151915,163934,182734,169117,240229,317634,289251,383505,419480,417817,429812,435557,435689,369512,332250,374501,457040,484885,546065,528038,487972,490731,489598,503849,529102,557129,495499,538874,623097,674507
 "44005","Newport, RI",1,CAINC30,10,"...","Personal income (thousands of dollars) ","Thousands of dollars",416524,479004,505180,545234,535659,482963,504086,554621,618699,686855,776676,896390,1045776,1151991,1231919,1369047,1504091,1621805,1709233,1856951,1966860,1951799,1970802,2064841,2152669,2200466,2349701,2437098,2566664,2771042,2945874,3175449,3261951,3373131,3562108,3787389,3817440,4063548,4075628,4144465,4008835,4109405,4437449,4689051,4693779,4845281,4978544,5108006,5425862,5630997,6166146,6573575,6958483,7171641,7504358
 "44005","Newport, RI",1,CAINC30,45,"..."," Net earnings by place of residence ","Thousands of dollars",301628,334769,353214,380810,363564,312664,318310,353124,394615,440433,502052,571315,656368,725036,789858,879536,980764,1064677,1140698,1217913,1270437,1232093,1223526,1299102,1342304,1368256,1447910,1497723,1558398,1700941,1872446,2025553,2070615,2182015,2304358,2419367,2448154,2584730,2507834,2423044,2346307,2433057,2622873,2770432,2765143,2821719,2877834,2931356,3048672,3175150,3551645,3683628,3974476,4128421,4190887
 "44005","Newport, RI",1,CAINC30,50,"..."," Personal current transfer receipts ","Thousands of dollars",21193,25108,30311,35308,41560,50248,65121,69447,74375,80129,87264,99882,114010,121047,126651,134545,142370,145101,148222,158625,174254,192596,229478,242410,260727,264566,278334,289884,306911,313065,327386,341759,382279,404794,415166,439076,460176,484574,530021,599017,644775,689383,699635,694733,721267,767049,785451,802396,830214,854688,907958,1191074,1267360,1134608,1196330
 "44005","Newport, RI",1,CAINC30,60,"...","  Income maintenance benefits 1/","Thousands of dollars",1261,1687,2290,2771,3107,5215,6759,7709,7408,7992,8390,10580,11517,9977,9774,9786,10210,10605,10672,11364,12083,13765,16012,17892,19595,20181,21176,21922,20851,22676,22227,22926,23248,24511,24967,24903,26766,26908,33839,33584,39784,45923,48471,50362,52897,51611,45666,46355,45941,45069,48257,50646,65666,88992,51643
 "44005","Newport, RI",1,CAINC30,70,"...","  Unemployment insurance compensation ","Thousands of dollars",816,1676,2450,3019,3437,4192,8434,7105,7092,5937,5834,5555,5840,5620,5821,4852,7189,4733,5074,6227,8317,12611,20253,23944,22038,16395,13606,13020,11193,10334,9650,9458,12845,18346,18484,15221,14584,14148,15973,23135,48145,50852,44609,35533,24872,13478,11624,11189,11112,10487,10236,154762,101773,9311,12736
 "44005","Newport, RI",1,CAINC30,80,"...","  Retirement and other ","Thousands of dollars",19116,21745,25571,29518,35016,40841,49928,54633,59875,66200,73040,83747,96653,105450,111056,119907,124971,129763,132476,141034,153854,166220,193213,200574,219094,227990,243552,254942,274867,280055,295509,309375,346186,361937,371715,398952,418826,443518,480209,542298,556846,592608,606555,608838,643498,701960,728161,744852,773161,799132,849465,985666,1099921,1036305,1131951
 "44005","Newport, RI",1,CAINC30,90,"..."," Dividends, interest, and rent 2/","Thousands of dollars",93703,119127,121655,129116,130535,120051,120655,132050,149709,166293,187360,225193,275398,305908,315410,354966,380957,412027,420313,480413,522169,527110,517798,523329,549638,567644,623457,649491,701355,757036,746042,808137,809057,786322,842584,928946,909110,994244,1037773,1122404,1017753,986965,1114941,1223886,1207369,1256513,1315259,1374254,1546976,1601159,1706543,1698873,1716647,1908612,2117141
 "44005","Newport, RI",1,CAINC30,100,"..."," Population (persons) 3/","Number of persons",92091,94619,96934,97676,98693,80408,79561,82139,82911,82362,82132,81653,82543,83293,83445,84303,85347,86239,87056,87577,86278,87527,88330,87141,86007,84756,83717,84226,84649,84438,84840,85734,85754,85953,85646,85509,83962,85130,82881,82505,82896,83274,83701,84042,84739,84980,85380,85702,85702,85753,85782,85515,85608,84721,83832
 "44005","Newport, RI",1,CAINC30,110,"..."," Per capita personal income 4/","Dollars",4523,5062,5212,5582,5428,6006,6336,6752,7462,8339,9456,10978,12669,13831,14763,16240,17623,18806,19634,21204,22797,22299,22312,23695,25029,25962,28067,28935,30321,32817,34723,37038,38038,39244,41591,44292,45466,47733,49174,50233,48360,49348,53015,55794,55391,57017,58310,59602,63311,65665,71882,76870,81283,84650,89517
 "44005","Newport, RI",1,CAINC30,120,"..."," Per capita net earnings 4/","Dollars",3275,3538,3644,3899,3684,3888,4001,4299,4760,5348,6113,6997,7952,8705,9466,10433,11491,12346,13103,13907,14725,14077,13852,14908,15607,16143,17295,17782,18410,20144,22070,23626,24146,25386,26906,28294,29158,30362,30258,29368,28304,29217,31336,32965,32631,33205,33706,34204,35573,37027,41403,43076,46426,48730,49991
 "44005","Newport, RI",1,CAINC30,130,"..."," Per capita personal current transfer receipts 4/","Dollars",230,265,313,361,421,625,819,845,897,973,1062,1223,1381,1453,1518,1596,1668,1683,1703,1811,2020,2200,2598,2782,3031,3122,3325,3442,3626,3708,3859,3986,4458,4709,4847,5135,5481,5692,6395,7260,7778,8278,8359,8266,8512,9026,9199,9363,9687,9967,10584,13928,14804,13392,14271
 "44005","Newport, RI",1,CAINC30,140,"...","  Per capita income maintenance benefits 4/","Dollars",14,18,24,28,31,65,85,94,89,97,102,130,140,120,117,116,120,123,123,130,140,157,181,205,228,238,253,260,246,269,262,267,271,285,292,291,319,316,408,407,480,551,579,599,624,607,535,541,536,526,563,592,767,1050,616
 "44005","Newport, RI",1,CAINC30,150,"...","  Per capita unemployment insurance compensation 4/","Dollars",9,18,25,31,35,52,106,86,86,72,71,68,71,67,70,58,84,55,58,71,96,144,229,275,256,193,163,155,132,122,114,110,150,213,216,178,174,166,193,280,581,611,533,423,294,159,136,131,130,122,119,1810,1189,110,152
 "44005","Newport, RI",1,CAINC30,160,"...","  Per capita retirement and other 4/","Dollars",208,230,264,302,355,508,628,665,722,804,889,1026,1171,1266,1331,1422,1464,1505,1522,1610,1783,1899,2187,2302,2547,2690,2909,3027,3247,3317,3483,3609,4037,4211,4340,4666,4988,5210,5794,6573,6717,7116,7247,7244,7594,8260,8528,8691,9022,9319,9903,11526,12848,12232,13503
 "44005","Newport, RI",1,CAINC30,170,"..."," Per capita dividends, interest, and rent 4/","Dollars",1018,1259,1255,1322,1323,1493,1517,1608,1806,2019,2281,2758,3336,3673,3780,4211,4464,4778,4828,5486,6052,6022,5862,6006,6391,6697,7447,7711,8285,8966,8794,9426,9435,9148,9838,10864,10828,11679,12521,13604,12277,11852,13321,14563,14248,14786,15405,16035,18051,18672,19894,19866,20052,22528,25255
 "44005","Newport, RI",1,CAINC30,180,"..."," Earnings by place of work ","Thousands of dollars",350465,388441,413808,444334,410604,341275,343629,375702,416624,464584,528276,600854,700443,790813,875909,961728,1073946,1173301,1253378,1335651,1387349,1401734,1351649,1367241,1354486,1330613,1475084,1536319,1650675,1723940,1923536,2150590,2197106,2354669,2514662,2643416,2744951,2851636,2887681,2896336,2864526,2986605,3056445,3172663,3213914,3250011,3295868,3477551,3678114,3763814,4084019,4185632,4736493,5010529,5311895
 "44005","Newport, RI",1,CAINC30,190,"...","  Wages and salaries ","Thousands of dollars",263964,290585,305892,328049,303098,252785,253723,274295,303790,339761,387313,442061,519686,586308,639017,707726,781397,858690,922600,977240,1014423,1038743,989080,998174,996577,972360,1082666,1133605,1229008,1264289,1386904,1523793,1574510,1667195,1744891,1791269,1858061,1953235,2032275,2084661,2066376,2104943,2107352,2133623,2164976,2225565,2276343,2410385,2566564,2593319,2768035,2745976,3054705,3275987,3485202
 "44005","Newport, RI",1,CAINC30,200,"...","  Supplements to wages and salaries ","Thousands of dollars",63793,75444,84043,90249,80593,61401,61864,66798,73913,82613,95377,109607,133995,151964,166378,184724,205347,225693,234483,247334,261573,266969,259488,269792,259427,253315,275669,283556,298342,306654,335183,369387,373305,412824,448493,472695,496002,527759,548409,566093,566984,606029,595717,605468,603522,612022,628008,671410,715010,720058,754939,762644,856713,898488,956682
 "44005","Newport, RI",1,CAINC30,201,"...","   Employer contributions for employee pension and insurance funds 5/","Thousands of dollars",52483,61750,68675,73523,64082,46918,46509,49232,54073,59954,68283,79092,96320,109829,117102,126445,141281,155270,159405,166832,179548,179540,175033,182385,172704,167497,183415,187456,194087,200187,219375,242656,246724,279795,308353,325978,343627,365221,381020,394365,392179,423625,410844,415046,410865,415549,425734,461173,493256,500179,521735,534271,601190,625130,664358
 "44005","Newport, RI",1,CAINC30,202,"...","   Employer contributions for government social insurance ","Thousands of dollars",11310,13694,15368,16726,16511,14483,15355,17566,19840,22659,27094,30515,37675,42135,49276,58279,64066,70423,75078,80502,82025,87429,84455,87407,86723,85818,92254,96100,104255,106467,115808,126731,126581,133029,140140,146717,152375,162538,167389,171728,174805,182404,184873,190422,192657,196473,202274,210237,221754,219879,233204,228373,255523,273358,292324
 "44005","Newport, RI",1,CAINC30,210,"...","  Proprietors' income ","Thousands of dollars",22708,22412,23873,26036,26913,27089,28042,34609,38921,42210,45586,49186,46762,52541,70514,69278,87202,88918,96295,111077,111353,96022,103081,99275,98482,104938,116749,119158,123325,152997,201449,257410,249291,274650,321278,379452,390888,370642,306997,245582,231166,275633,353376,433572,445416,412424,391517,395756,396540,450437,561045,677012,825075,836054,870011
 "44005","Newport, RI",1,CAINC30,220,"...","   Farm proprietors' income ","Thousands of dollars",1098,1438,1225,894,347,967,1026,1159,624,1129,115,-206,334,7257,12304,8763,12177,13122,13226,14798,9845,8465,9226,5891,5791,4307,4388,3379,939,1000,1204,1057,1036,827,1832,2512,3162,2847,2444,3198,2649,2132,919,-658,-457,-1516,-214,-1014,3722,1252,1625,2940,5485,4115,1322
 "44005","Newport, RI",1,CAINC30,230,"...","   Nonfarm proprietors' income ","Thousands of dollars",21610,20974,22648,25142,26566,26122,27016,33450,38297,41081,45471,49392,46428,45284,58210,60515,75025,75796,83069,96279,101508,87557,93855,93384,92691,100631,112361,115779,122386,151997,200245,256353,248255,273823,319446,376940,387726,367795,304553,242384,228517,273501,352457,434230,445873,413940,391731,396770,392818,449185,559420,674072,819590,831939,868689
 "44007","Providence, RI",1,CAINC30,10,"...","Personal income (thousands of dollars) ","Thousands of dollars",2243321,2450215,2592947,2814894,3033136,3247120,3511031,3791030,4100500,4473969,4899927,5418126,5981061,6404295,6925529,7579861,8125961,8670920,9271896,10215643,11187599,11562119,11637831,12079164,12528254,12739799,13304390,13660611,14508682,15469433,15878058,17166316,17894791,18592376,19474822,20283575,20696102,21700539,22811131,23232581,22662557,24058248,24668279,25247977,25289690,26414874,27356524,27532733,28660111,29850622,31473004,34179625,36198408,36933192,38693631
 "44007","Providence, RI",1,CAINC30,45,"..."," Net earnings by place of residence ","Thousands of dollars",1661349,1788644,1862435,2033013,2153556,2233854,2310216,2540928,2760975,3034520,3304346,3516109,3733177,3905660,4226574,4694442,5080396,5502933,6021871,6649600,7064208,7225836,6991405,7347476,7556542,7804904,8101788,8322035,8834562,9623086,10048810,11022770,11256529,11783824,12441515,13180416,13490310,14163822,14530243,14350173,13645500,14635475,15095795,15666036,15813772,16282468,16986168,17144346,17831000,18689109,19747082,19990244,21254322,23170786,24140868
 "44007","Providence, RI",1,CAINC30,50,"..."," Personal current transfer receipts ","Thousands of dollars",250857,306366,354842,384288,434261,503020,651115,669878,698113,743687,826642,953989,1090416,1193320,1276516,1302077,1387164,1436317,1475091,1578646,1712279,1884969,2309026,2381393,2603472,2573494,2717453,2745330,2925961,2948885,3063743,3162158,3566657,3713241,3799896,4074112,4210464,4296352,4744921,5219039,5663425,6014644,6063262,5934417,5995278,6480974,6575373,6533211,6734979,6850658,7146715,9622790,10338682,8843080,9137519
 "44007","Providence, RI",1,CAINC30,60,"...","  Income maintenance benefits 1/","Thousands of dollars",27806,39802,49193,53242,54650,68014,76650,81672,82448,88062,93559,118978,135538,126269,134768,136626,143397,150218,151263,163140,176885,202962,239028,265280,285425,300834,320308,328258,312179,339500,344482,356306,367176,386793,402961,416144,446108,445365,566345,567255,671575,764181,803145,828554,885695,860741,768199,776731,766873,761849,805390,854860,1099932,1299333,897109
 "44007","Providence, RI",1,CAINC30,70,"...","  Unemployment insurance compensation ","Thousands of dollars",13528,27494,35204,32362,28861,39274,110645,75479,62941,50240,49845,58580,55566,82129,74972,47332,52457,43650,45861,46144,61840,99930,153446,180473,155698,121656,112025,103604,88015,83298,83269,80375,115202,159435,162656,130092,123371,120297,140592,209735,437302,431966,372588,303626,205882,118822,104306,99795,99000,94417,93067,1455413,930837,84809,117467
 "44007","Providence, RI",1,CAINC30,80,"...","  Retirement and other ","Thousands of dollars",209523,239070,270445,298684,350750,395732,463820,512727,552724,605385,683238,776431,899312,984922,1066776,1118119,1191310,1242449,1277967,1369362,1473554,1582077,1916552,1935640,2162349,2151004,2285120,2313468,2525767,2526087,2635992,2725477,3084279,3167013,3234279,3527876,3640985,3730690,4037984,4442049,4554548,4818497,4887529,4802237,4903701,5501411,5702868,5656685,5869106,5994392,6248258,7312517,8307913,7458938,8122943
 "44007","Providence, RI",1,CAINC30,90,"..."," Dividends, interest, and rent 2/","Thousands of dollars",331115,355205,375670,397593,445319,510246,549700,580224,641412,695762,768939,948028,1157468,1305315,1422439,1583342,1658401,1731670,1774934,1987397,2411112,2451314,2337400,2350295,2368240,2361401,2485149,2593246,2748159,2897462,2765505,2981388,3071605,3095311,3233411,3029047,2995328,3240365,3535967,3663369,3353632,3408129,3509222,3647524,3480640,3651432,3794983,3855176,4094132,4310855,4579207,4566591,4605404,4919326,5415244
 "44007","Providence, RI",1,CAINC30,100,"..."," Population (persons) 3/","Number of persons",573222,581601,588615,594065,589752,590626,586255,582894,581645,581742,580551,572480,575645,575016,576380,577638,580396,583355,589309,591621,596769,597701,599545,600603,602178,602728,603282,605077,607458,611251,616607,622378,626935,632252,636149,638358,635060,631691,629110,627889,626304,628438,632362,636592,639356,642864,646379,650009,651497,656732,658872,659963,658782,657424,660615
 "44007","Providence, RI",1,CAINC30,110,"..."," Per capita personal income 4/","Dollars",3914,4213,4405,4738,5143,5498,5989,6504,7050,7691,8440,9464,10390,11138,12016,13122,14001,14864,15734,17267,18747,19344,19411,20112,20805,21137,22053,22577,23884,25308,25751,27582,28543,29407,30614,31775,32589,34353,36259,37001,36185,38283,39010,39661,39555,41089,42323,42357,43991,45453,47768,51790,54947,56179,58572
 "44007","Providence, RI",1,CAINC30,120,"..."," Per capita net earnings 4/","Dollars",2898,3075,3164,3422,3652,3782,3941,4359,4747,5216,5692,6142,6485,6792,7333,8127,8753,9433,10219,11240,11837,12089,11661,12233,12549,12949,13430,13754,14543,15743,16297,17711,17955,18638,19558,20647,21243,22422,23097,22855,21787,23289,23872,24609,24734,25328,26279,26376,27369,28458,29971,30290,32263,35245,36543
 "44007","Providence, RI",1,CAINC30,130,"..."," Per capita personal current transfer receipts 4/","Dollars",438,527,603,647,736,852,1111,1149,1200,1278,1424,1666,1894,2075,2215,2254,2390,2462,2503,2668,2869,3154,3851,3965,4323,4270,4504,4537,4817,4824,4969,5081,5689,5873,5973,6382,6630,6801,7542,8312,9043,9571,9588,9322,9377,10081,10173,10051,10338,10431,10847,14581,15694,13451,13832
 "44007","Providence, RI",1,CAINC30,140,"...","  Per capita income maintenance benefits 4/","Dollars",49,68,84,90,93,115,131,140,142,151,161,208,235,220,234,237,247,258,257,276,296,340,399,442,474,499,531,543,514,555,559,572,586,612,633,652,702,705,900,903,1072,1216,1270,1302,1385,1339,1188,1195,1177,1160,1222,1295,1670,1976,1358
 "44007","Providence, RI",1,CAINC30,150,"...","  Per capita unemployment insurance compensation 4/","Dollars",24,47,60,54,49,66,189,129,108,86,86,102,97,143,130,82,90,75,78,78,104,167,256,300,259,202,186,171,145,136,135,129,184,252,256,204,194,190,223,334,698,687,589,477,322,185,161,154,152,144,141,2205,1413,129,178
 "44007","Providence, RI",1,CAINC30,160,"...","  Per capita retirement and other 4/","Dollars",366,411,459,503,595,670,791,880,950,1041,1177,1356,1562,1713,1851,1936,2053,2130,2169,2315,2469,2647,3197,3223,3591,3569,3788,3823,4158,4133,4275,4379,4920,5009,5084,5526,5733,5906,6419,7075,7272,7667,7729,7544,7670,8558,8823,8702,9009,9128,9483,11080,12611,11346,12296
 "44007","Providence, RI",1,CAINC30,170,"..."," Per capita dividends, interest, and rent 4/","Dollars",578,611,638,669,755,864,938,995,1103,1196,1324,1656,2011,2270,2468,2741,2857,2968,3012,3359,4040,4101,3899,3913,3933,3918,4119,4286,4524,4740,4485,4790,4899,4896,5083,4745,4717,5130,5621,5834,5355,5423,5549,5730,5444,5680,5871,5931,6284,6564,6950,6919,6991,7483,8197
 "44007","Providence, RI",1,CAINC30,180,"..."," Earnings by place of work ","Thousands of dollars",1973763,2106586,2213574,2442593,2656842,2809994,2912829,3213122,3471805,3848061,4232551,4550097,4847198,5054116,5425415,6012889,6475584,7001565,7621164,8380963,8864659,9106463,8928732,9505730,9884393,10255619,10662611,10949347,11529713,12476028,13053910,14024438,14337186,14928296,15711410,16468971,16921889,17868055,18136761,18181966,17396989,18659729,19050236,19767237,20290263,21206069,22043056,22241090,22890396,23431316,24091340,24175776,25957756,27732420,28516174
 "44007","Providence, RI",1,CAINC30,190,"...","  Wages and salaries ","Thousands of dollars",1632123,1740582,1822683,2002010,2170156,2294165,2344006,2566998,2736512,3029383,3310563,3558772,3782653,3936249,4183510,4615769,4953644,5342982,5831172,6362744,6698617,6887268,6720590,7042502,7326850,7582537,7945739,8192585,8647989,9247230,9681612,10272583,10657937,10958790,11500214,11923573,12284387,13008150,13270281,13509265,13002347,13413541,13821316,14290083,14838181,15679943,16409015,16747220,17305706,17580986,18045082,18097955,19291561,20841357,21347355
 "44007","Providence, RI",1,CAINC30,200,"...","  Supplements to wages and salaries ","Thousands of dollars",194573,215229,234932,275272,310450,335775,378361,429446,481653,555387,619550,678609,756659,813849,892943,993171,1072479,1173864,1258058,1387711,1502140,1581345,1569866,1762621,1831384,1875833,1888579,1920912,1970277,2063445,2163776,2310399,2432114,2582983,2698795,2859811,3014265,3208604,3297202,3346547,3185904,3487481,3397242,3416758,3477865,3615560,3749860,3830756,3937151,4049511,4073958,4108302,4393260,4605062,4732173
 "44007","Providence, RI",1,CAINC30,201,"...","   Employer contributions for employee pension and insurance funds 5/","Thousands of dollars",107233,123922,135014,156280,161051,172506,216019,241253,278663,319342,354546,396055,437839,483592,532956,572287,631435,702143,761164,840814,945732,989188,985233,1143708,1179863,1192235,1186312,1207725,1233760,1288285,1364505,1471997,1573571,1710842,1788824,1914173,2028958,2177170,2252172,2293235,2139805,2402816,2276700,2255083,2278472,2357007,2426884,2489168,2573053,2660992,2658625,2706755,2890613,3002399,3047564
 "44007","Providence, RI",1,CAINC30,202,"...","   Employer contributions for government social insurance ","Thousands of dollars",87340,91307,99918,118992,149399,163269,162342,188193,202990,236045,265004,282554,318820,330257,359987,420884,441044,471721,496894,546897,556408,592157,584633,618913,651521,683598,702267,713187,736517,775160,799271,838402,858543,872141,909971,945638,985307,1031434,1045030,1053312,1046099,1084665,1120542,1161675,1199393,1258553,1322976,1341588,1364098,1388519,1415333,1401547,1502647,1602663,1684609
 "44007","Providence, RI",1,CAINC30,210,"...","  Proprietors' income ","Thousands of dollars",147067,150775,155959,165311,176236,180054,190462,216678,253640,263291,302438,312716,307886,304018,348962,403949,449461,484719,531934,630508,663902,637850,638276,700607,726159,797249,828293,835850,911447,1165353,1208522,1441456,1247135,1386523,1512401,1685587,1623237,1651301,1569278,1326154,1208738,1758707,1831678,2060396,1974217,1910566,1884181,1663114,1647539,1800819,1972300,1969519,2272935,2286001,2436646
 "44007","Providence, RI",1,CAINC30,220,"...","   Farm proprietors' income ","Thousands of dollars",1632,1956,1395,1531,1293,1824,1576,1445,951,1014,1145,1972,1745,3592,4387,4691,5198,5539,4339,3449,2046,1467,1430,3702,2850,2685,1430,2364,1143,912,1220,824,697,1134,1378,2266,2785,705,2151,2629,2147,3917,4009,5994,4190,2469,6130,-944,1443,2168,2430,3320,5385,13546,7724
 "44007","Providence, RI",1,CAINC30,230,"...","   Nonfarm proprietors' income ","Thousands of dollars",145435,148819,154564,163780,174943,178230,188886,215233,252689,262277,301293,310744,306141,300426,344575,399258,444263,479180,527595,627059,661856,636383,636846,696905,723309,794564,826863,833486,910304,1164441,1207302,1440632,1246438,1385389,1511023,1683321,1620452,1650596,1567127,1323525,1206591,1754790,1827669,2054402,1970027,1908097,1878051,1664058,1646096,1798651,1969870,1966199,2267550,2272455,2428922
 "44009","Washington, RI",1,CAINC30,10,"...","Personal income (thousands of dollars) ","Thousands of dollars",311521,338141,359390,399861,427623,437492,491134,564973,647932,725640,831805,963832,1079103,1182578,1306554,1426692,1591893,1731451,1833533,2077884,2245266,2362649,2422656,2572698,2724593,2879322,3063844,3226471,3403916,3669563,3924568,4228158,4678566,4867848,5090444,5431419,5534874,5717615,5946971,6053278,6017872,6307251,6655001,6896098,6889755,7079386,7248554,7513739,7675947,8182142,8730495,9379117,10236381,10275050,10864652
 "44009","Washington, RI",1,CAINC30,45,"..."," Net earnings by place of residence ","Thousands of dollars",231936,245276,254934,282582,298714,295245,321363,383590,447666,500783,575329,655586,706561,764104,856477,928124,1069068,1165186,1239553,1398848,1480370,1559861,1578839,1706663,1808390,1923695,2034398,2139606,2249556,2452687,2695888,2896505,3249225,3439048,3592049,3766045,3848032,3966951,4005997,3913578,3861256,4129192,4295724,4477408,4440219,4491206,4559230,4665711,4783995,5072557,5363503,5568580,6021810,6157608,6367054
 "44009","Washington, RI",1,CAINC30,50,"..."," Personal current transfer receipts ","Thousands of dollars",21233,25223,30545,35262,41384,51655,70611,72128,76405,83647,94568,110329,128313,141269,151470,158605,166773,177103,183719,198241,220385,245106,290269,309192,337298,338433,361760,376745,401802,415530,436540,461471,514439,537335,561835,599739,635362,683167,742926,850275,920128,976941,990722,984336,1019409,1100437,1132243,1158487,1198430,1249594,1348937,1778257,1928540,1733665,1839165
 "44009","Washington, RI",1,CAINC30,60,"...","  Income maintenance benefits 1/","Thousands of dollars",1051,1518,1996,2329,2468,4005,5315,6061,5986,6562,7054,9222,10477,9374,9924,9962,10384,11084,11330,11982,13458,15538,18109,20315,21771,22787,23604,23796,22954,25392,25093,26102,26100,27879,28656,29801,32734,32759,42266,41494,50060,58311,60083,62261,65407,63456,56892,58011,57038,56050,59926,63506,81591,122747,63935
 "44009","Washington, RI",1,CAINC30,70,"...","  Unemployment insurance compensation ","Thousands of dollars",1115,2047,3326,3907,4091,6521,15915,11236,9964,8742,8791,9194,9963,13054,10873,7203,6839,7048,5716,6369,8522,12898,20417,25310,23155,17439,16360,14634,12686,12181,17945,17933,22705,28255,27539,25301,24840,26852,30618,42913,73492,76134,65856,53570,36237,21885,19209,17898,17571,16244,15971,229408,156822,14140,18705
 "44009","Washington, RI",1,CAINC30,80,"...","  Retirement and other ","Thousands of dollars",19067,21658,25223,29026,34825,41129,49381,54831,60455,68343,78723,91913,107873,118841,130673,141440,149550,158971,166673,179890,198405,216670,251743,263567,292372,298207,321796,338315,366162,377957,393502,417436,465634,481201,505640,544637,577788,623556,670042,765868,796576,842496,864783,868505,917765,1015096,1056142,1082578,1123821,1177300,1273040,1485343,1690127,1596778,1756525
 "44009","Washington, RI",1,CAINC30,90,"..."," Dividends, interest, and rent 2/","Thousands of dollars",58352,67642,73911,82017,87525,90592,99160,109255,123861,141210,161908,197917,244229,277205,298607,339963,356052,389162,410261,480795,544511,557682,553548,556843,578905,617194,667686,710120,752558,801346,792140,870182,914902,891465,936560,1065635,1051480,1067497,1198048,1289425,1236488,1201118,1368555,1434354,1430127,1487743,1557081,1689541,1693522,1859991,2018055,2032280,2286031,2383777,2658433
 "44009","Washington, RI",1,CAINC30,100,"..."," Population (persons) 3/","Number of persons",82896,85871,87347,90587,93686,86295,83841,86209,88327,91149,92835,93594,94482,95466,95377,97675,99564,102239,104876,107656,108470,110389,111414,112451,113356,114597,116147,117349,118713,120206,122445,123943,124995,126462,127248,127960,127412,126757,126895,126672,127605,127194,127053,127234,127804,128147,128402,128797,129426,129664,129618,129776,130851,130256,129982
 "44009","Washington, RI",1,CAINC30,110,"..."," Per capita personal income 4/","Dollars",3758,3938,4115,4414,4564,5070,5858,6554,7336,7961,8960,10298,11421,12387,13699,14607,15989,16935,17483,19301,20699,21403,21745,22878,24036,25126,26379,27495,28673,30527,32052,34114,37430,38493,40004,42446,43441,45107,46865,47787,47160,49588,52380,54200,53909,55244,56452,58338,59308,63103,67356,72272,78229,78884,83586
 "44009","Washington, RI",1,CAINC30,120,"..."," Per capita net earnings 4/","Dollars",2798,2856,2919,3119,3188,3421,3833,4450,5068,5494,6197,7005,7478,8004,8980,9502,10737,11397,11819,12994,13648,14131,14171,15177,15953,16787,17516,18233,18950,20404,22017,23370,25995,27194,28229,29431,30201,31296,31569,30895,30259,32464,33810,35190,34742,35047,35507,36225,36963,39121,41379,42909,46020,47273,48984
 "44009","Washington, RI",1,CAINC30,130,"..."," Per capita personal current transfer receipts 4/","Dollars",256,294,350,389,442,599,842,837,865,918,1019,1179,1358,1480,1588,1624,1675,1732,1752,1841,2032,2220,2605,2750,2976,2953,3115,3210,3385,3457,3565,3723,4116,4249,4415,4687,4987,5390,5855,6712,7211,7681,7798,7736,7976,8587,8818,8995,9260,9637,10407,13703,14738,13310,14149
 "44009","Washington, RI",1,CAINC30,140,"...","  Per capita income maintenance benefits 4/","Dollars",13,18,23,26,26,46,63,70,68,72,76,99,111,98,104,102,104,108,108,111,124,141,163,181,192,199,203,203,193,211,205,211,209,220,225,233,257,258,333,328,392,458,473,489,512,495,443,450,441,432,462,489,624,942,492
 "44009","Washington, RI",1,CAINC30,150,"...","  Per capita unemployment insurance compensation 4/","Dollars",13,24,38,43,44,76,190,130,113,96,95,98,105,137,114,74,69,69,55,59,79,117,183,225,204,152,141,125,107,101,147,145,182,223,216,198,195,212,241,339,576,599,518,421,284,171,150,139,136,125,123,1768,1198,109,144
 "44009","Washington, RI",1,CAINC30,160,"...","  Per capita retirement and other 4/","Dollars",230,252,289,320,372,477,589,636,684,750,848,982,1142,1245,1370,1448,1502,1555,1589,1671,1829,1963,2260,2344,2579,2602,2771,2883,3084,3144,3214,3368,3725,3805,3974,4256,4535,4919,5280,6046,6243,6624,6806,6826,7181,7921,8225,8405,8683,9080,9821,11445,12916,12259,13514
 "44009","Washington, RI",1,CAINC30,170,"..."," Per capita dividends, interest, and rent 4/","Dollars",704,788,846,905,934,1050,1183,1267,1402,1549,1744,2115,2585,2904,3131,3481,3576,3806,3912,4466,5020,5052,4968,4952,5107,5386,5749,6051,6339,6666,6469,7021,7320,7049,7360,8328,8253,8422,9441,10179,9690,9443,10772,11273,11190,11610,12127,13118,13085,14345,15569,15660,17470,18301,20452
 "44009","Washington, RI",1,CAINC30,180,"..."," Earnings by place of work ","Thousands of dollars",272540,288532,293768,325556,320403,259788,279650,340944,409435,445064,506399,590011,625372,657729,745603,812936,939563,1018258,1061551,1199233,1244402,1301869,1310038,1383973,1436638,1484475,1528527,1537629,1600420,1796038,1975883,2129498,2459662,2636004,2774325,2940604,3084505,3182349,3275266,3191448,3199750,3486563,3543518,3689902,3743851,3838558,3956996,3979001,4086888,4433986,4524335,4805644,5194750,5526367,5929069
 "44009","Washington, RI",1,CAINC30,190,"...","  Wages and salaries ","Thousands of dollars",208905,219417,220475,245039,242451,198648,213859,257617,306701,329577,376716,439174,475515,492276,537750,602368,652321,703839,768568,837148,881383,935717,931796,974556,1014988,1032574,1068779,1077457,1147218,1264511,1337260,1451159,1515688,1603169,1708923,1830153,1950045,1982810,2102987,2103591,2064983,2147805,2179209,2266054,2349182,2455901,2566769,2600260,2692359,2956244,2992895,3113439,3350247,3625699,3905316
 "44009","Washington, RI",1,CAINC30,200,"...","  Supplements to wages and salaries ","Thousands of dollars",43472,46886,49923,55439,50524,31702,35707,45646,60541,64985,73865,88739,103391,110395,125396,139759,151285,165062,179884,193590,210152,229286,239576,266777,280211,282201,285381,274028,280103,307197,331853,354687,376837,417534,456734,510533,546866,574078,610328,616382,588544,654542,625915,630964,638776,672601,702058,724023,750528,792837,786685,795729,871663,918017,981815
 "44009","Washington, RI",1,CAINC30,201,"...","   Employer contributions for employee pension and insurance funds 5/","Thousands of dollars",34446,36910,38992,42851,36679,19467,22525,28378,37984,40187,45108,55798,65327,70775,80963,86979,95595,105966,116726,123505,138630,150768,159988,182965,191660,188513,190163,180155,182332,199544,219573,233852,253368,291248,321388,365012,391196,413276,444250,448052,420529,475769,445195,441383,443744,468811,487292,506651,524795,555371,542029,551898,600802,623073,659004
 "44009","Washington, RI",1,CAINC30,202,"...","   Employer contributions for government social insurance ","Thousands of dollars",9026,9976,10931,12588,13845,12235,13182,17268,22557,24798,28757,32941,38064,39620,44433,52780,55690,59096,63158,70085,71522,78518,79588,83812,88551,93688,95218,93873,97771,107653,112280,120835,123469,126286,135346,145521,155670,160802,166078,168330,168015,178773,180720,189581,195032,203790,214766,217372,225733,237466,244656,243831,270861,294944,322811
 "44009","Washington, RI",1,CAINC30,210,"...","  Proprietors' income ","Thousands of dollars",20163,22229,23370,25078,27428,29438,30084,37681,42193,50502,55818,62098,46466,55058,82457,70809,135957,149357,113099,168495,152867,136866,138666,142640,141439,169700,174367,186144,173099,224330,306770,323652,567137,615301,608668,599918,587594,625461,561951,471475,546223,684216,738394,792884,755893,710056,688169,654718,644001,684905,744755,896476,972840,982651,1041938
 "44009","Washington, RI",1,CAINC30,220,"...","   Farm proprietors' income ","Thousands of dollars",989,1605,1392,1085,514,1537,1413,1667,1152,1243,198,-270,257,7861,11370,9838,14026,14204,13035,12684,9339,8516,9092,8252,8513,6176,5716,4387,246,-47,469,349,1443,1869,3001,3561,4200,3790,1604,4408,6405,4810,3716,922,206,-1464,674,-465,5118,2721,3419,7298,10112,7195,5307
 "44009","Washington, RI",1,CAINC30,230,"...","   Nonfarm proprietors' income ","Thousands of dollars",19174,20624,21978,23993,26914,27901,28671,36014,41041,49259,55620,62368,46209,47197,71087,60971,121931,135153,100064,155811,143528,128350,129574,134388,132926,163524,168651,181757,172853,224377,306301,323303,565694,613432,605667,596357,583394,621671,560347,467067,539818,679406,734678,791962,755687,711520,687495,655183,638883,682184,741336,889178,962728,975456,1036631
"Note: See the included footnote file."
"CAINC30: Economic profile "
"Last updated: November 14, 2024-- new statistics for 2023; revised statistics for 2019-2022."
"U.S. Bureau of Economic Analysis"
