<TABLE_DEFINITIONS Table="CAINC30" Name="Economic profile" Source="USDOC/BEA/RD"><LINE><Code>10</Code><Description>Personal income (thousands of dollars)</Description><Definition>Consists of the income that persons receive in return for their provision of labor, land, and capital used in current production as well as other income, such as personal current transfer receipts. In the state and local personal income accounts the personal income of an area represents the income received by or on behalf of the persons residing in that area. It is calculated as the sum of wages and salaries, supplements to wages and salaries, proprietors' income with inventory valuation (IVA) and capital consumption adjustments (CCAdj), rental income of persons with capital consumption adjustment (CCAdj), personal dividend income, personal interest income, and personal current transfer receipts, less contributions for government social insurance plus the adjustment for residence.</Definition></LINE><LINE><Code>45</Code><Description>Net earnings by place of residence</Description><Definition>Consists of earnings by place of work less contributions for government social insurance plus the adjustment for residence.</Definition></LINE><LINE><Code>50</Code><Description>Personal current transfer receipts</Description><Definition>Receipts of persons from government and business for which no current services are performed. Current transfer receipts from government include Social Security benefits, medical benefits, veterans' benefits, and unemployment insurance benefits. Current transfer receipts from business include liability payments for personal injury and corporate gifts to nonprofit institutions.</Definition></LINE><LINE><Code>60</Code><Description>Income maintenance benefits</Description><Definition>Income maintenance benefits consists largely of Supplemental Security Income (SSI) benefits, Earned Income Tax Credit (EITC), Additional Child Tax Credit, Supplemental Nutrition Assistance Program (SNAP) benefits, family assistance, and other income maintenance benefits, including general assistance.</Definition></LINE><LINE><Code>70</Code><Description>Unemployment insurance compensation</Description><Definition>Unemployment insurance compensation is made up of the following:  State unemployment compensation are benefits consisting mainly of the payments received by individuals under state-administered unemployment insurance (UI) programs, but they include the special benefits authorized by federal legislation for periods of high unemployment. The provisions that govern the eligibility, timing, and amount of benefit payments vary among the states, but the provisions that govern the coverage and financing are uniform nationally.  Unemployment compensation of Federal civilian employees are benefits which are received by former federal civilian employees under a federal program administered by the state employment security agencies acting as agents for the U.S. Government.  Unemployment compensation of railroad employees are benefits which are received by railroad workers who are unemployed because of sickness or because work is unavailable in the railroad industry and in related industries, such as carrier affiliates. This UI program is administered by the Railroad Retirement Board (RRB) under a federal formula that is applicable throughout the Nation.  Unemployment compensation of veterans are benefits which are received by unemployed veterans who have recently separated from military service and who are not eligible for military retirement benefits.Trade adjustment assistance are benefits received by workers who are unemployed because of the adverse economic effects of international trade arrangements.</Definition></LINE><LINE><Code>80</Code><Description>Retirement and other</Description><Definition>Personal current transfer receipts excluding unemployment insurance compensation and income maintenance benefits. Retirement and other consists of retirement and disability insurance benefits, medical benefits, veterans' benefits, education and training assistance, other transfer receipts of individuals from governments, current transfer receipts of nonprofit institutions, current transfer receipts of individuals from businesses.</Definition></LINE><LINE><Code>90</Code><Description>Dividends, interest, and rent</Description><Definition>Consists of personal dividend income, personal interest income, and rental income of persons with capital consumption adjustment (CCAdj).</Definition></LINE><LINE><Code>100</Code><Description>Population (persons)</Description><Definition>The number of individuals (both civilian and military) who reside in a given area.</Definition></LINE><LINE><Code>110</Code><Description>Per capita personal income</Description><Definition>The personal income of a given area divided by the resident population of the area. See "personal income."</Definition></LINE><LINE><Code>120</Code><Description>Per capita net earnings</Description><Definition>Net earnings by place of residence of a given area divided by the resident population of the area. See "net earnings by place of residence."</Definition></LINE><LINE><Code>130</Code><Description>Per capita personal current transfer receipts</Description><Definition>Personal current transfer receipts of a given area divided by the resident population of the area. See "personal current transfer receipts."</Definition></LINE><LINE><Code>140</Code><Description>Per capita income maintenance benefits</Description><Definition>Income maintenance benefits of a given area divided by the resident population of the area. See "Income maintenance benefits."</Definition></LINE><LINE><Code>150</Code><Description>Per capita unemployment insurance compensation</Description><Definition>Unemployment insurance compensation of a given area divided by the resident population of the area. See "unemployment insurance compensation."</Definition></LINE><LINE><Code>160</Code><Description>Per capita retirement and other</Description><Definition>Retirement and other of a given area divided by the resident population of the area. See "Retirement and other."</Definition></LINE><LINE><Code>170</Code><Description>Per capita dividends, interest, and rent</Description><Definition>Dividends, interest, and rent of a given area divided by the resident population of the area. See "dividends, interest, and rent."</Definition></LINE><LINE><Code>180</Code><Description>Earnings by place of work</Description><Definition>Consists of compensation of employees and proprietors' income.</Definition></LINE><LINE><Code>190</Code><Description>Wages and salaries</Description><Definition>The remuneration receivable by employees (including corporate officers) from employers for the provision of labor services. It includes commissions, tips, and bonuses; employee gains from exercising stock options; and pay-in-kind. Judicial fees paid to jurors and witnesses are classified as wages and salaries. Wages and salaries are measured before deductions, such as social security contributions, union dues, and voluntary employee contributions to defined contribution pension plans.</Definition></LINE><LINE><Code>200</Code><Description>Supplements to wages and salaries</Description><Definition>Consists of employer contributions for government social insurance and employer contributions for employee pension and insurance funds.</Definition></LINE><LINE><Code>201</Code><Description>Employer contributions for employee pension and insurance funds</Description><Definition>Consists of employer payments to private and government pension plans and to private insurance funds such as for group health and life insurance; workers' compensation; and supplemental unemployment insurance.</Definition></LINE><LINE><Code>202</Code><Description>Employer contributions for government social insurance</Description><Definition>Consists of employer payments under the following federal, state, and local government programs: old-age, survivors, and disability insurance; hospital insurance; unemployment insurance; railroad retirement; pension benefit guaranty; veterans' life insurance; publicly administered workers' compensation; military medical insurance; and temporary disability insurance.</Definition></LINE><LINE><Code>210</Code><Description>Proprietors' income</Description><Definition>Proprietors' income with inventory valuation and capital consumption adjustments is the current-production income (including income in kind) of sole proprietorships, partnerships, and tax-exempt cooperatives. Corporate directors' fees are included in proprietors' income. Proprietors' income includes the interest income received by financial partnerships and the net rental real estate income of those partnerships primarily engaged in the real estate business.</Definition></LINE><LINE><Code>220</Code><Description>Farm proprietors' income</Description><Definition>Farm proprietors' income consists of the income that is received by the sole proprietorships and the partnerships that operate farms. It excludes the income that is received by corporate farms.</Definition></LINE><LINE><Code>230</Code><Description>Nonfarm proprietors' income</Description><Definition>Nonfarm Proprietors' Income consists of the income that is received by nonfarm sole proprietorships and partnerships and the income that is received by tax-exempt cooperatives.  The national estimates of nonfarm proprietors' income are primarily derived from income tax data. Because these data do not always reflect current production and because they are incomplete, the estimates also include four major adjustments--the inventory valuation adjustment, the capital consumption adjustment, the "misreporting" adjustment, and the adjustment for the net margins on owner-built housing. The inventory valuation adjustment offsets the effects of the gains and the losses that result from changes in the prices of products withdrawn from inventories; this adjustment for recent years has been small, but it is important to the definition of proprietors' income. The capital consumption adjustment changes the value of the consumption, or depreciation, of fixed capital from the historical-cost basis used in the source data to a replacement-cost basis. The "misreporting" adjustment adds an estimate of the income of sole proprietors and partnerships that is not reported on tax returns. The adjustment for the net margins on owner-built housing is an addition to the estimate for the construction industry. It is the imputed net income of individuals from the construction or renovation of their own dwellings.  The source data necessary to prepare these adjustments are available only at the national level. Therefore, the national estimates of nonfarm proprietors' income that include the adjustments are allocated to states, and these state estimates are allocated to the counties, in proportion to tax return data that do not reflect the adjustments.  In addition, the national estimates include adjustments made to reflect decreases in monetary and imputed income that result from damage to fixed capital and to inventories that is caused by disasters, such as hurricanes, floods, and earthquakes. These adjustments are attributed to states and counties on the basis of information from the Federal Emergency Management Agency.</Definition></LINE></TABLE_DEFINITIONS>
